text,wilaya,daira,item,name_fr,name_ar,check
executive-decree-92-66,02,1,seat,El Marsa,المرسى,
executive-decree-92-66,02,1,1,El Marsa,المرسى,
executive-decree-92-66,02,1,2,Mossedek,مصدق,eye
executive-decree-92-66,02,2,seat,Ténès,تنس,
executive-decree-92-66,02,2,1,Ténès,تنس,
executive-decree-92-66,02,2,2,Sidi Akacha,سيدي عكاشة,eye
executive-decree-92-66,02,2,3,Sidi Abderrahmane,سيدي عبد الرحمن,
executive-decree-92-66,04,1,seat,Sigus,سيقوس,
executive-decree-92-66,04,1,1,Sigus,سيقوس,
executive-decree-92-66,04,1,2,El Amiria,العامرية,
executive-decree-92-66,04,2,seat,Aïn Fekroun,عين الفكرون,eye
executive-decree-92-66,04,2,1,Aïn Fekroun,عين الفكرون,eye
executive-decree-92-66,04,2,2,"El Fedjoudj, Boughrara, Saoudi",الفجوج، بوغرارة، سعودي,eye
executive-decree-92-66,04,3,seat,Aïn Kercha,عين كرشة,
executive-decree-92-66,04,3,1,Aïn Kercha,عين كرشة,
executive-decree-92-66,04,3,2,Henchir Toumghani,هنشير تومغاني,eye
executive-decree-92-66,04,3,3,El Harmilia,الحرملية,
executive-decree-92-66,08,1,seat,Kerzaz,كرزاز,
executive-decree-92-66,08,1,1,Kerzaz,كرزاز,
executive-decree-92-66,08,1,2,Timoudi,تيمودي,
executive-decree-92-66,08,1,3,Béni Ikhef,بني يخلف,eye
executive-decree-92-66,08,2,seat,El Ouata,الوطاء,eye
executive-decree-92-66,08,2,1,El Ouata,الوطاء,eye
executive-decree-92-66,09,1,seat,Bouinan,بوعينان,eye
executive-decree-92-66,09,1,1,Bouinan,بوعينان,eye
executive-decree-92-66,09,1,2,Chebli,الشبلي,
executive-decree-92-66,09,1,3,Ouled Chebel,أولاد شبل,
executive-decree-92-66,15,1,seat,Larbaa Nath-Iraten,الاربعاء نايت ايراثن,eye
executive-decree-92-66,15,1,1,Larbaa Nath-Iraten,الاربعاء نايت ايراثن,eye
executive-decree-92-66,15,1,2,Aït Agouacha,آيت قواشة,eye
executive-decree-92-66,15,1,3,Irdjen,ارجن,eye
executive-decree-92-66,15,2,seat,Tizi Rached,تيزي راشد,
executive-decree-92-66,15,2,1,Tizi Rached,تيزي راشد,
executive-decree-92-66,15,2,2,Aït Oumalou,آيت أومالو,eye
executive-decree-92-66,28,1,seat,Boussaada,بوسعادة,eye
executive-decree-92-66,28,1,1,Boussaada,بوسعادة,eye
executive-decree-92-66,28,1,2,Oultem,ولتام,eye
executive-decree-92-66,28,1,3,El Hamel,الهامل,
executive-decree-92-66,28,2,seat,Khoubana,خبانة,
executive-decree-92-66,28,2,1,Khoubana,خبانة,
executive-decree-92-66,28,2,2,M’Cif,مسيف,
executive-decree-92-66,28,2,3,El Houamed,الحوامد,
executive-decree-92-66,35,1,seat,Bourdj Menaiel,برج منايل,eye
executive-decree-92-66,35,1,1,Bordj Menaiel,برج منايل,eye
executive-decree-92-66,35,1,2,Djinet,جينات,eye
executive-decree-92-66,35,1,3,Lagata,لقاطة,eye
executive-decree-92-66,35,1,4,Zemouri,زموري,eye
executive-decree-92-66,35,1,5,Ouled Aissa,أولاد عيسى,eye
executive-decree-92-66,35,2,seat,Naciria,الناصرية,eye
executive-decree-92-66,35,2,1,Naciria,الناصرية,eye
executive-decree-92-66,35,2,2,Timezrit,تمزريت,eye
executive-decree-92-66,35,3,seat,Isser,يسر,eye
executive-decree-92-66,35,3,1,Isser,يسر,eye
executive-decree-92-66,35,3,2,Chaabet El Ameur,شعبة العامر,eye
executive-decree-92-66,35,3,3,Si Mustapha,سي مصطفى,
executive-decree-92-66,35,4,seat,Baghlia,بغلية,
executive-decree-92-66,35,4,1,Baghlia,بغلية,
executive-decree-92-66,35,4,2,Sidi Daoud,سيدي داود,
executive-decree-92-66,35,4,3,Touarga,توارقة,eye
executive-decree-92-66,35,5,seat,Dellys,دلس,
executive-decree-92-66,35,5,1,Dellys,دلس,
executive-decree-92-66,35,5,2,Benchoud,بن شود,eye
executive-decree-92-66,35,5,3,Afir,عفر,eye
