text,article,via,item,of,name_fr,name_ar,check
law-19-12,5,2,1,16,Adrar,أدرار,
law-19-12,5,2,2,16,Fenoghil,فنوغيل,
law-19-12,5,2,3,16,Tamest,تاماست,
law-19-12,5,2,4,16,Reggane,رقان,
law-19-12,5,2,5,16,Sali,سالي,
law-19-12,5,2,6,16,In Zghmir,إن زغمير,
law-19-12,5,2,7,16,Akabli,أقبلي,eye
law-19-12,5,2,8,16,Tit,تيت,eye
law-19-12,5,2,9,16,Ouled Ahmed Timmi,أولاد أحمد تيمي,
law-19-12,5,2,10,16,Tsabit,تسابيت,
law-19-12,5,2,11,16,Bouda,بودة,
law-19-12,5,2,12,16,Zaouiet Kounta,زاوية كنتة,
law-19-12,5,2,13,16,Aoulef,أولف,eye
law-19-12,5,2,14,16,Sebaa,السبع,
law-19-12,5,2,15,16,Timekten,تيمقتن,
law-19-12,5,2,16,16,Tamantit,تامنطيت,
law-19-12,11,2,1,27,Biskra,بسكرة,
law-19-12,11,2,2,27,Oumach,أوماش,eye
law-19-12,11,2,3,27,Branis,البرانس,
law-19-12,11,2,4,27,Chetma,شتمة,
law-19-12,11,2,5,27,Sidi Okba,سيدي عقبة,
law-19-12,11,2,6,27,Aïn Zaatout,عين زعطوط,
law-19-12,11,2,7,27,M’Chounèche,مشونش,
law-19-12,11,2,8,27,El Haouch,الحوش,
law-19-12,11,2,9,27,El Feïdh,الفيض,
law-19-12,11,2,10,27,Zeribet El Oued,زريبة الوادي,
law-19-12,11,2,11,27,Aïn Naga,عين الناقة,
law-19-12,11,2,12,27,El Kantara,القنطرة,
law-19-12,11,2,13,27,El Outaya,الوطاية,
law-19-12,11,2,14,27,Djemourah,جمورة,
law-19-12,11,2,15,27,Meziraa,المزيرعة,
law-19-12,11,2,16,27,Lioua,لواء,
law-19-12,11,2,17,27,Lichana,لشانة,
law-19-12,11,2,18,27,Ourlal,أورلال,eye
law-19-12,11,2,19,27,M'Lili,مليلي,eye
law-19-12,11,2,20,27,Foughala,فوغالة,
law-19-12,11,2,21,27,Bordj Ben Azzouz,برج بن عزوز,
law-19-12,11,2,22,27,Tolga,طولقة,
law-19-12,11,2,23,27,Khenguet Sidi Nadji,خنقة سيدي ناجي,
law-19-12,11,2,24,27,Mekhadma,مخادمة,
law-19-12,11,2,25,27,El Ghrous,الغروس,
law-19-12,11,2,26,27,El Hadjeb,الحاجب,
law-19-12,11,2,27,27,Bouchagroun,بوشقرون,
law-19-12,12,2,1,11,Béchar,بشار,
law-19-12,12,2,2,11,Kenadsa,قنادسة,
law-19-12,12,2,3,11,Erg Ferradj,عرق فراج,
law-19-12,12,2,4,11,Meridja,مريجة,
law-19-12,12,2,5,11,Lahmar,الاحمر,
law-19-12,12,2,6,11,Mogheul,موغل,
law-19-12,12,2,7,11,Abadla,العبادلة,eye
law-19-12,12,2,8,11,Béni Ounif,بني ونيف,
law-19-12,12,2,9,11,Boukaïs,بوقايس,
law-19-12,12,2,10,11,Taghit,تاغيت,
law-19-12,12,2,11,11,Mechraa Houari Boumediène,مشرع هواري بومدين,
law-19-12,15,2,1,5,Tamenghasset,تامنغست,
law-19-12,15,2,2,5,Abalessa,أباليسا,
law-19-12,15,2,3,5,Idlès,إدلس,
law-19-12,15,2,4,5,Tazrouk,تازروق,
law-19-12,15,2,5,5,In Amguel,إن أمقل,
law-19-12,34,2,1,7,Ouargla,ورقلة,
law-19-12,34,2,2,7,Hassi Ben Abdelah,حاسي بن عبد اللّه,eye
law-19-12,34,2,3,7,Aïn Beïda,عين البيضاء,
law-19-12,34,2,4,7,N'Goussa,نقوسة,
law-19-12,34,2,5,7,Hassi Messaoud,حاسي مسعود,
law-19-12,34,2,6,7,Rouissat,الرويسات,
law-19-12,34,2,7,7,Sidi Khouiled,سيدي خويلد,
law-19-12,37,2,1,4,Illizi,إيليزي,
law-19-12,37,2,2,4,Bordj Omar Driss,برج عمر ادريس,
law-19-12,37,2,3,4,Debdeb,دبداب,eye
law-19-12,37,2,4,4,In Amenas,إن اميناس,eye
law-19-12,43,2,1,22,El Oued,الوادي,
law-19-12,43,2,2,22,Robbah,رباح,eye
law-19-12,43,2,3,22,Sidi Aoun,سيدي عون,
law-19-12,43,2,4,22,Oued El Alenda,وادي العلندة,
law-19-12,43,2,5,22,Trifaoui,تريفاوي,
law-19-12,43,2,6,22,Magrane,المقرن,
law-19-12,43,2,7,22,Bayadha,البياضة,
law-19-12,43,2,8,22,Beni Guecha,بني قشة,
law-19-12,43,2,9,22,Nakhla,النخلة,
law-19-12,43,2,10,22,Ourmas,ورماس,eye
law-19-12,43,2,11,22,Guemar,قمار,
law-19-12,43,2,12,22,Kouinine,كوينين,
law-19-12,43,2,13,22,Reguiba,الرقيبة,
law-19-12,43,2,14,22,Hamraia,حمراية,
law-19-12,43,2,15,22,Taghzout,تاغزوت,
law-19-12,43,2,16,22,El Ogla,العقلة,
law-19-12,43,2,17,22,Debila,الدبيلة,
law-19-12,43,2,18,22,Mih Ouansa,ميه ونسى,
law-19-12,43,2,19,22,Hassani Abdelkrim,حساني عبد الكريم,
law-19-12,43,2,20,22,Hassi Khelifa,حاسي خليفة,
law-19-12,43,2,21,22,Taleb Larbi,طالب العربي,
law-19-12,43,2,22,22,Douar El Ma,دوار الماء,
law-19-12,51,2,1,10,Ghardaïa,غرداية,
law-19-12,51,2,2,10,Zelfana,زلفانة,
law-19-12,51,2,3,10,Dhayet Bendhahoua,ضاية بن ضحوة,
law-19-12,51,2,4,10,Sebseb,سبسب,
law-19-12,51,2,5,10,Berriane,بريان,
law-19-12,51,2,6,10,Bounoura,بونورة,
law-19-12,51,2,7,10,Metlili,متليلي,eye
law-19-12,51,2,8,10,El Guerrera,القرارة,
law-19-12,51,2,9,10,El Atteuf,العطف,
law-19-12,51,2,10,10,Mansoura,المنصورة,
law-19-12,52 bis,3,1,10,Timimoun,تيميمون,
law-19-12,52 bis,3,2,10,Ouled Saïd,أولاد سعيد,
law-19-12,52 bis,3,3,10,Aougrout,أوقروت,
law-19-12,52 bis,3,4,10,Deldoul,دلدول,
law-19-12,52 bis,3,5,10,Metarfa,المطارفة,
law-19-12,52 bis,3,6,10,Tinerkouk,تينركوك,
law-19-12,52 bis,3,7,10,Ksar Kaddour,قصر قدور,
law-19-12,52 bis,3,8,10,Charouine,شروين,
law-19-12,52 bis,3,9,10,Talmine,طالمين,
law-19-12,52 bis,3,10,10,Ouled Aïssa,أولاد عيسى,
law-19-12,52 bis 1,3,1,2,Bordj Badji Mokhtar,برج باجي مختار,
law-19-12,52 bis 1,3,2,2,Timiaouine,تيمياوين,
law-19-12,52 bis 2,3,1,6,Ouled Djellal,أولاد جلال,
law-19-12,52 bis 2,3,2,6,Sidi Khaled,سيدي خالد,
law-19-12,52 bis 2,3,3,6,Ras El Miaâd,راس الميعاد,
law-19-12,52 bis 2,3,4,6,Besbes,البسباس,
law-19-12,52 bis 2,3,5,6,Chaïba,الشعيبة,
law-19-12,52 bis 2,3,6,6,Doucen,الدوسن,
law-19-12,52 bis 3,3,1,10,Béni Abbès,بني عباس,
law-19-12,52 bis 3,3,2,10,Tamtert,تامترت,
law-19-12,52 bis 3,3,3,10,Kerzaz,كرزاز,
law-19-12,52 bis 3,3,4,10,Timoudi,تيمودي,
law-19-12,52 bis 3,3,5,10,Béni Ikhlef,بني يخلف,
law-19-12,52 bis 3,3,6,10,El Ouata,الوطاء,
law-19-12,52 bis 3,3,7,10,Tabelbala,تبلبلة,
law-19-12,52 bis 3,3,8,10,Ouled Khodeir,أولاد خضير,
law-19-12,52 bis 3,3,9,10,Ksabi,قصابي,
law-19-12,52 bis 3,3,10,10,Igli,أقلي,
law-19-12,52 bis 4,3,1,3,In Salah,إن صالح,
law-19-12,52 bis 4,3,2,3,Foggaret Ezzaouia,فقارت الزاوية,
law-19-12,52 bis 4,3,3,3,In Ghar,إن غار,
law-19-12,52 bis 5,3,1,2,In Guezzam,إن قزام,
law-19-12,52 bis 5,3,2,2,Tin Zaouatine,تين زاوتين,
law-19-12,52 bis 6,3,1,14,Touggourt,توقرت,
law-19-12,52 bis 6,3,2,14,Nezla,نزلة,
law-19-12,52 bis 6,3,3,14,Tebesbest,تيبسبست,
law-19-12,52 bis 6,3,4,14,Zaouia El Abidia,الزاوية العابدية,
law-19-12,52 bis 6,3,5,14,Tamacine,تماسين,
law-19-12,52 bis 6,3,6,14,Blidat Ameur,بليدة عامر,
law-19-12,52 bis 6,3,7,14,Megarine,المقارين,
law-19-12,52 bis 6,3,8,14,M'Naguar,المنقر,
law-19-12,52 bis 6,3,9,14,Taibet,الطيبات,
law-19-12,52 bis 6,3,10,14,Benaceur,بن ناصر,
law-19-12,52 bis 6,3,11,14,Sidi Slimane,سيدي سليمان,
law-19-12,52 bis 6,3,12,14,El Hadjira,الحجيرة,
law-19-12,52 bis 6,3,13,14,El Allia,العالية,
law-19-12,52 bis 6,3,14,14,El Borma,البرمة,
law-19-12,52 bis 7,3,1,2,Djanet,جانت,
law-19-12,52 bis 7,3,2,2,Bordj El Haouasse,برج الحواس,
law-19-12,52 bis 8,3,1,8,El Megaier,المغير,
law-19-12,52 bis 8,3,2,8,Oum Touyour,أم الطيور,
law-19-12,52 bis 8,3,3,8,Still,سطيل,
law-19-12,52 bis 8,3,4,8,Sidi Khelil,سيدي خليل,
law-19-12,52 bis 8,3,5,8,Djamaâ,جامعة,
law-19-12,52 bis 8,3,6,8,Sidi Amrane,سيدي عمران,eye
law-19-12,52 bis 8,3,7,8,Tendla,تندلة,
law-19-12,52 bis 8,3,8,8,M'Rara,مرارة,
law-19-12,52 bis 9,3,1,3,El Meniaâ,المنيعة,
law-19-12,52 bis 9,3,2,3,Hassi Gara,حاسي القارة,
law-19-12,52 bis 9,3,3,3,Hassi Fehal,حاسي الفحل,
