text,wilaya,commune,name_fr,name_ar,check
ons-2021,01,01,ADRAR,أدرار,
ons-2021,01,02,TAMEST,تاماست,
ons-2021,01,04,REGGANE,رقان,
ons-2021,01,05,IN ZEGHMIR,ان زغمير,
ons-2021,01,06,TIT,تيت,
ons-2021,01,08,TSABIT,تسابيت,
ons-2021,01,11,ZAOUIET KOUNTA,زاوية كنته,eye
ons-2021,01,12,AOULEF,أولف,
ons-2021,01,13,TIMOKTEN,تيمقتن,eye
ons-2021,01,14,TAMANTIT,تامنطيت,
ons-2021,01,15,FENOUGHIL,فنوغيل,eye
ons-2021,01,18,SALI,سالى,
ons-2021,01,19,AKABLI,أقبلى,
ons-2021,01,21,OULED AHMED TIMMI,أولاد أحمد تيمى,
ons-2021,01,22,BOUDA,بودة,
ons-2021,01,26,SEBAA,السبع,
ons-2021,02,01,CHLEF,الشلف,
ons-2021,02,02,TENES,تنس,
ons-2021,02,03,BENAIRIA,بنايرية,
ons-2021,02,04,EL KARIMIA,الكريمية,
ons-2021,02,05,TADJENA,تاجنة,eye
ons-2021,02,06,TAOUGRITE,تاوقريت,
ons-2021,02,07,BENI HAOUA,بنى حواء,
ons-2021,02,08,SOBHA,صبحة,
ons-2021,02,09,HARCHOUN,حرشون,
ons-2021,02,10,OULED FARES,أولاد فارس,
ons-2021,02,11,SIDI AKKACHA,سيدى عكاشة,
ons-2021,02,12,BOUKADIR,بوقادير,
ons-2021,02,13,BENI RACHED,بنى راشد,
ons-2021,02,14,TALASSA,تلعصة,
ons-2021,02,15,HARENFA,الهرانفة,
ons-2021,02,16,OUED GOUSSINE,وادى قوسين,
ons-2021,02,17,DAHRA,الظهرة,
ons-2021,02,18,OULED ABBES,أولاد عباس,
ons-2021,02,19,SENDJAS,سنجاس,
ons-2021,02,20,ZEBOUDJA,الزبوجة,
ons-2021,02,21,OUED SLY,وادى سلى,
ons-2021,02,22,ABOU EL HASSEN,أبو الحسن,
ons-2021,02,23,EL MARSA,المرسى,
ons-2021,02,24,CHETTIA,الشطية,
ons-2021,02,25,SIDI ABDERRAHMANE,سيدي عبد الرحمان,
ons-2021,02,26,MOUSSADEK,مصدق,
ons-2021,02,27,EL HADJADJ,الحجاج,
ons-2021,02,28,LABIOD MEDJADJA,الابيض مجاجة,
ons-2021,02,29,OUED FODDA,وادى الفضة,
ons-2021,02,30,OULED BEN.AEK,أولاد بن عبد القادر,
ons-2021,02,31,BOUZGHAIA,بوزغاية,
ons-2021,02,32,AIN MERANE,عين مران,
ons-2021,02,33,OUM EL DROU,أم الذروع,
ons-2021,02,34,BREIRA,بريرة,
ons-2021,02,35,BENI BOUATTAB,بنى بوعتاب,
ons-2021,03,01,LAGHOUAT,الأغواط,
ons-2021,03,02,KSAR EL HIRANE,قصر الحيران,
ons-2021,03,03,BENACER BEN CHOHRA,بن ناصر بن شهرة,
ons-2021,03,04,SIDI MAKHLOUF,سيدي مخلوف,
ons-2021,03,05,HASSI DALAA,حاسى الدلاعة,eye
ons-2021,03,06,HASSI R'MEL,حاسى الرمل,
ons-2021,03,07,AIN MAHDI,عين ماضي,
ons-2021,03,08,TADJEMOUT,تاجموت,
ons-2021,03,09,KHENEG,الخنق,
ons-2021,03,10,GUELTAT SIDI SAAD,قلتة سيدي سعد,
ons-2021,03,11,AIN SIDI ALI,عين سيدي على,
ons-2021,03,12,BEIDHA,البيضاء,
ons-2021,03,13,BRIDA,بريدة,
ons-2021,03,14,EL GHICHA,الغيشة,
ons-2021,03,15,HADJ MECHERI,حاج مشري,
ons-2021,03,16,SEBGAG,سبقاق,
ons-2021,03,17,TAOUIALA,تاويالة,
ons-2021,03,18,TAJROUNA,تاجرونة,
ons-2021,03,19,AFLOU,آفلو,
ons-2021,03,20,EL ASSAFIA,العسافية,
ons-2021,03,21,OUED MORRA,واد مرة,
ons-2021,03,22,OUED M' ZI,واد مزي,
ons-2021,03,23,EL HOUITA,الحويطة,eye
ons-2021,03,24,SIDI BOUZID,سيدي بوزيد,
ons-2021,04,01,OUM BOUAGHI,أم البواقي,
ons-2021,04,02,AIN BEIDA,عين البيضاء,
ons-2021,04,03,AIN M'LILA,عين مليلة,
ons-2021,04,04,BEHIR CHERGUI,بحير الشرقي,
ons-2021,04,05,EL AMIRIA,العامرية,
ons-2021,04,06,SIGUS,سيقوس,
ons-2021,04,07,EL BELALA,البلالة,
ons-2021,04,08,AIN BABOUCHE,عين ببوش,
ons-2021,04,09,BERRICHE,بريش,
ons-2021,04,10,OULED HAMLA,أولاد حملة,
ons-2021,04,11,DHALAA,الضلعة,
ons-2021,04,12,AIN KERCHA,عين كرشة,
ons-2021,04,13,HENCHIR TOUMGHANI,هنشير تومغانى,
ons-2021,04,14,EL DJAZIA,الجازية,
ons-2021,04,15,AIN DISS,عين الديس,
ons-2021,04,16,F'KIRINA,فكيرينة,
ons-2021,04,17,SOUK NAAMANE,سوق نعمان,
ons-2021,04,18,ZORG,الزرق,
ons-2021,04,19,EL FEDJOUDJ BOUGHARA SAOUDI,الفجوج بوغرارة سعودى,
ons-2021,04,20,OULED ZOUAI,أولاد زواى,eye
ons-2021,04,21,BIR CHOUHADA,بئر الشهداء,
ons-2021,04,22,KSAR SBAHI,قصر الصباحى,
ons-2021,04,23,OUED NINI,وادى نينى,
ons-2021,04,24,MESKIANA,مسكيانة,
ons-2021,04,25,AIN FAKROUN,عين فكرون,
ons-2021,04,26,RAHIA,الرحية,
ons-2021,04,27,AIN ZITOUN,عين الزيتون,
ons-2021,04,28,OULED GACEM,أولاد قاسم,
ons-2021,04,29,EL HARMILIA,الحرملية,
ons-2021,05,01,BATNA,باتنة,
ons-2021,05,02,GHASSIRA,غسيرة,
ons-2021,05,03,MAAFA,معافة,
ons-2021,05,04,MEROUANA,مروانة,
ons-2021,05,05,SERIANA,سريانة,
ons-2021,05,06,MENAA,منعة,
ons-2021,05,07,EL MADHER,المعذر,
ons-2021,05,08,TAZOULT,تازولت,
ons-2021,05,09,N'GAOUS,نقاوس,
ons-2021,05,10,GUIGBA,القيقبة,
ons-2021,05,11,INOUGHISSENE,اينوغيسن,eye
ons-2021,05,12,OUYOUN EL ASSAFIR,عيون العصا فير,
ons-2021,05,13,DJERMA,جرمة,
ons-2021,05,14,BITAM,بيطام,
ons-2021,05,15,AZIL ABDELKADER,عزيل عبد القادر,
ons-2021,05,16,ARRIS,أريس,
ons-2021,05,17,KIMMEL,كيمل,
ons-2021,05,18,TILATOU,تيلاطو,
ons-2021,05,19,AIN DJASSER,عين جاسر,
ons-2021,05,20,OULED SELLAM,أولاد سلام,
ons-2021,05,21,TIGHERGHAR,تغرغار,eye
ons-2021,05,22,AIN YAGOUT,عين ياقوت,
ons-2021,05,23,FESDIS,فسديس,
ons-2021,05,24,SEFIANE,سفيان,
ons-2021,05,25,RAHBAT,الرحبات,
ons-2021,05,26,TIGHANIMINE,تغانمين,
ons-2021,05,27,LEMSANE,لمسان,
ons-2021,05,28,KSAR BELEZMA,قصر بلازمة,
ons-2021,05,29,SEGGANA,سقانة,eye
ons-2021,05,30,ICHEMOUL,إشمول,
ons-2021,05,31,FOUM TOUB,فم الطوب,
ons-2021,05,32,BENI FOUDHALA EL HAKANIA,بنى فضالة الحقانية,
ons-2021,05,33,OUED EL MA,وادى الماء,
ons-2021,05,34,TALKHAMT,تالخمت,
ons-2021,05,35,BOUZINA,بوزينة,
ons-2021,05,36,CHEMORA,شمرة,
ons-2021,05,37,OUED CHAABA,وادى الشعبة,
ons-2021,05,38,TAXLENT,تاكسلانت,
ons-2021,05,39,GOSBAT,القصبات,
ons-2021,05,40,OULED AOUF,أولاد عوف,
ons-2021,05,41,BOUMAGUEUR,بومقر,
ons-2021,05,42,BARIKA,بريكة,
ons-2021,05,43,DJEZZAR,الجزار,
ons-2021,05,44,T’KOUT,تكوت,
ons-2021,05,45,AIN TOUTA,عين التوتة,
ons-2021,05,46,HIDOUSSA,حيدوسة,
ons-2021,05,47,TENIET EL ABED,ثنية العابد,
ons-2021,05,48,OUED TAGA,وادى الطاقة,eye
ons-2021,05,49,OULED FADHEL,أولاد فاضل,
ons-2021,05,50,TIMGAD,تيمقاد,
ons-2021,05,51,RAS EL AIOUN,رأس العيون,
ons-2021,05,52,CHIR,شير,
ons-2021,05,53,OULED SI SLIMANE,أولاد سى سليمان,
ons-2021,05,54,ZANAT EL BEIDA,زانة البيضاء,
ons-2021,05,55,AMDOUKEL,إمدوكل,
ons-2021,05,56,OULED AMMAR,أولاد عمار,
ons-2021,05,57,EL HASSI,الحاسى,
ons-2021,05,58,LAZROU,لازرو,
ons-2021,05,59,BOUMIA,بومية,
ons-2021,05,60,BOULHILET,بولهيلات,eye
ons-2021,05,61,LARBAA,لارباع,
ons-2021,06,01,BEJAIA,بجاية,
ons-2021,06,02,AMIZOUR,أميزور,
ons-2021,06,03,FERAOUN,فرعون,
ons-2021,06,04,TAOURIRT IGHIL,تاوريرت إغيل,eye
ons-2021,06,05,CHELLATA,شلاطة,
ons-2021,06,06,TAMOKRA,تامقرة,
ons-2021,06,07,TIMEZRIT,تيمزريت,
ons-2021,06,08,SOUK EL TENINE,سوق الاثنين,
ons-2021,06,09,M'CISNA,مسيسنة,eye
ons-2021,06,10,TINEBDAR,تينبدار,eye
ons-2021,06,11,TICHY,تيشي,
ons-2021,06,12,SEMAOUN,سمعون,
ons-2021,06,13,KENDIRA,كنديرة,eye
ons-2021,06,14,TIFRA,تيفرة,
ons-2021,06,15,IGHRAM,إغرم,
ons-2021,06,16,AMALOU,أمالو,
ons-2021,06,17,IGHIL ALI,إغيل علي,
ons-2021,06,18,IFELAIN ILMATHEN,إفلاين إلماثن,
ons-2021,06,19,TOUDJA,توجة,
ons-2021,06,20,DARGUINA,درقينة,
ons-2021,06,21,SIDI AYAD,سيدي عياد,
ons-2021,06,22,AOKAS,أوقاس,
ons-2021,06,23,BENI DJELLIL,بني جليل,
ons-2021,06,24,ADEKAR,أدكار,eye
ons-2021,06,25,AKBOU,أقبو,
ons-2021,06,26,SEDDOUK,صدوق,
ons-2021,06,27,TAZMALT,تازمالت,
ons-2021,06,28,AIT R’ZINE,آيت رزين,
ons-2021,06,29,CHEMINI,شميني,
ons-2021,06,30,SOUK OUFELLA,السوق أوفلا,
ons-2021,06,31,TASKRIOUT,تاسكريوت,
ons-2021,06,32,TIBANE,طيبان,
ons-2021,06,33,TALA HAMZA,ثالة حمزة,
ons-2021,06,34,BARBACHA,برباشة,
ons-2021,06,35,BENI KSILA,بنى كسيلة,eye
ons-2021,06,36,OUZELLAGUEN,أوزلاقن,eye
ons-2021,06,37,BOUHAMZA,بوحمزة,
ons-2021,06,38,BENI MELIKECHE,بنى مليكش,
ons-2021,06,39,SIDI AICH,سيدي عيش,
ons-2021,06,40,EL KSEUR,القصر,
ons-2021,06,41,MELBOU,مالبو,eye
ons-2021,06,42,AKFADOU,أكفادو,
ons-2021,06,43,LEFLAY,لفلاى,
ons-2021,06,44,KHERRATA,خراطة,
ons-2021,06,45,DRAA EL KAID,ذراع القايد,
ons-2021,06,46,TAMRIDJET,تامريجت,
ons-2021,06,47,AIT SMAIL,آيت اسماعيل,
ons-2021,06,48,BOUKHLIFA,بوخليفة,
ons-2021,06,49,TIZI N’BERBER,تيزى نبربر,
ons-2021,06,50,BENI MAOUCHE,بنى معوش,
ons-2021,06,51,OUED GHIR,وادى غير,
ons-2021,06,52,BOUDJELLIL,بوجليل,
ons-2021,07,01,BISKRA,بسكرة,
ons-2021,07,02,OUMACH,أوماش,
ons-2021,07,03,BRANIS,البرانيس,eye
ons-2021,07,04,CHETMA,شتمة,
ons-2021,07,11,SIDI OKBA,سيدي عقبة,
ons-2021,07,12,M'CHOUNECHE,مشونش,
ons-2021,07,13,EL HAOUCH,الحوش,
ons-2021,07,14,AIN NAGA,عين الناقة,
ons-2021,07,15,ZERIBET EL OUED,زريبة الوادى,eye
ons-2021,07,16,EL FEIDH,الفيض,
ons-2021,07,17,EL KANTARA,القنطرة,
ons-2021,07,18,AIN ZAATOUT,عين زعطوط,
ons-2021,07,19,EL OUTAYA,الوطاية,
ons-2021,07,20,DJEMORAH,جمورة,
ons-2021,07,21,TOLGA,طولقة,
ons-2021,07,22,LIOUA,لواء,eye
ons-2021,07,23,LICHANA,ليشانة,eye
ons-2021,07,24,OURLAL,أورلال,
ons-2021,07,25,M'LILI,مليلى,
ons-2021,07,26,FOUGHALA,فوغالة,
ons-2021,07,27,BORDJ BEN AZZOUZ,برج بن عزوز,
ons-2021,07,28,M’ZIRAA,المزيرعة,
ons-2021,07,29,BOUCHAGROUN,بوشقرون,
ons-2021,07,30,MEKHADMA,مخادمة,
ons-2021,07,31,EL GHROUS,الغروس,
ons-2021,07,32,EL HADJEB,الحاجب,
ons-2021,07,33,KHENGHET SIDI NADJI,خنقة سيدي ناجى,
ons-2021,08,01,BECHAR,بشار,
ons-2021,08,02,ERG FERRADJ,عرق فراج,
ons-2021,08,04,MERIDJA,مريجة,
ons-2021,08,06,LAHMAR,الأحمر,eye
ons-2021,08,09,MECHRAA H. BOUMEDIENE,مشرع هوارى بومدين,
ons-2021,08,10,KENADSA,قنادسة,
ons-2021,08,13,TAGHIT,تاغيت,
ons-2021,08,15,BOUKAIS,بوقا يس,
ons-2021,08,16,MOGHEUL,موغل,
ons-2021,08,17,ABADLA,العبادلة,
ons-2021,08,21,BENI OUNIF,بنى و نيف,
ons-2021,09,01,BLIDA,البليدة,
ons-2021,09,02,CHEBLI,الشبلي,
ons-2021,09,03,BOUINAN,بوعينان,
ons-2021,09,04,OUED EL ALLEUG,وادى العلايق,
ons-2021,09,07,OULED YAICH,اولاد يعيش,
ons-2021,09,08,CHREA,الشريعة,
ons-2021,09,10,EL AFFROUN,العفرون,
ons-2021,09,11,CHIFFA,الشفة,
ons-2021,09,12,HAMMAM MELOUANE,حمام ملوان,
ons-2021,09,13,BEN KHELIL,بن خليل,
ons-2021,09,14,SOUMAA,الصومعة,
ons-2021,09,16,MOUZAIA,موزاية,
ons-2021,09,17,SOUHANE,صوحان,
ons-2021,09,18,MEFTAH,مفتاح,
ons-2021,09,19,OULED SLAMA,أولاد سلامة,
ons-2021,09,20,BOUFARIK,بوفاريك,
ons-2021,09,21,LARBAA,الاربعاء,
ons-2021,09,22,OUED DJER,وادى جر,
ons-2021,09,23,BENI TAMOU,بني تامو,
ons-2021,09,24,BOUARFA,بوعرفة,
ons-2021,09,25,BENI MERAD,بني مراد,
ons-2021,09,26,BOUGARA,بوقرة,
ons-2021,09,27,GUEROUAOU,قرواو,
ons-2021,09,28,AIN ROMANA,عين الرمانة,
ons-2021,09,29,DJEBABRA,جبابرة,
ons-2021,10,01,BOUIRA,البويرة,
ons-2021,10,02,EL ASNAM,الأصنام,
ons-2021,10,03,GUERROUMA,قرومة,
ons-2021,10,04,SOUK EL KHEMIS,سوق الخميس,
ons-2021,10,05,KADIRIA,القادرية,
ons-2021,10,06,AHNIF,أحنيف,eye
ons-2021,10,07,DIRAH,ديرة,
ons-2021,10,08,AIT LAAZIZ,آيت لعزيز,
ons-2021,10,09,TAGHZOUT,تاغزوت,
ons-2021,10,10,RAOURAOUA,روراوة,eye
ons-2021,10,11,MEZDOUR,مزدور,
ons-2021,10,12,HAIZER,الحيزر,
ons-2021,10,13,LAKHDARIA,الأخضرية,
ons-2021,10,14,MAALA,المعلة,
ons-2021,10,15,EL HACHIMIA,الهاشمية,
ons-2021,10,16,AOMAR,عومار,eye
ons-2021,10,17,CHORFA,الشرفاء,
ons-2021,10,18,BORDJ OKHRISS,برج أوخريص,
ons-2021,10,19,EL ADJIBA,العجيبة,
ons-2021,10,20,EL HAKIMIA,الحاكمية,
ons-2021,10,21,EL KHABOUZIA,الخبوزية,
ons-2021,10,22,AHL EL KSAR,أهل القصر,
ons-2021,10,23,BOUDERBALA,بودربالة,
ons-2021,10,24,ZBARBAR,زبربر,
ons-2021,10,25,AIN EL HADJAR,عين الحجر,
ons-2021,10,26,DJEBAHIA,جباحية,
ons-2021,10,27,AGHBALOU,أغبالو,
ons-2021,10,28,TAGUEDITE,تاقديت,
ons-2021,10,29,AIN TURK,عين الترك,
ons-2021,10,30,SAHARIDJ,الصهاريج,
ons-2021,10,31,DECHMIA,الدشمية,
ons-2021,10,32,RIDANE,ريدان,
ons-2021,10,33,BECHLOUL,بشلول,
ons-2021,10,34,BOUKRAM,بوكرام,eye
ons-2021,10,35,AIN BESSAM,عين بسام,
ons-2021,10,36,BIR GHBALOU,بئر غبالو,
ons-2021,10,37,M'CHEDALLAH,مشدالة,eye
ons-2021,10,38,SOUR EL GHOZLANE,سور الغزلان,
ons-2021,10,39,MAAMORA,المعمورة,
ons-2021,10,40,OULED RACHED,أولاد راشد,
ons-2021,10,41,AIN LALOUI,عين العلوي,
ons-2021,10,42,HADJERA ZERGA,الحجرة الزرقاء,
ons-2021,10,43,ATH MANSOUR,آث منصور,
ons-2021,10,44,EL MOKRANI,المقراني,eye
ons-2021,10,45,OUED EL BERDI,وادى البردي,
ons-2021,11,01,TAMENGHASSET,تامنغست,eye
ons-2021,11,02,ABALESSA,أباليسا,eye
ons-2021,11,05,IDELES,إدلس,eye
ons-2021,11,06,TAZROUK,تاظروك,
ons-2021,11,09,IN AMGUEL,إن أمقل,
ons-2021,12,01,TEBESSA,تبسة,
ons-2021,12,02,BIR EL ATER,بئر العاتر,
ons-2021,12,03,CHERIA,الشريعة,
ons-2021,12,04,STAH GUENTIS,سطح قنطيس,
ons-2021,12,05,EL AOUINET,العوينات,
ons-2021,12,06,EL HOUIDJBET,الحويجبات,
ons-2021,12,07,SAFSAF EL OUESRA,صفصاف الوسرى,
ons-2021,12,08,HAMMAMET,الحمامات,
ons-2021,12,09,NEGRINE,نقرين,
ons-2021,12,10,BIR MOKADEM,بئر مقدم,
ons-2021,12,11,EL KOUIF,الكويف,
ons-2021,12,12,MORSOTT,مرسط,
ons-2021,12,13,EL OGLA,العقلة,
ons-2021,12,14,BIR DHEHEB,بئر الذهب,
ons-2021,12,15,EL OGLA EL MALHA,العقلة المالحة,
ons-2021,12,16,GORRIGUER,قريقر,
ons-2021,12,17,BEKKARIA,بكارية,
ons-2021,12,18,BOUKHADRA,بوخضرة,
ons-2021,12,19,OUENZA,الونزة,
ons-2021,12,20,EL MA EL BIODH,الماء الابيض,
ons-2021,12,21,OUM ALI,أم على,
ons-2021,12,22,THLIDJEN,ثليجان,
ons-2021,12,23,AIN ZERGA,عين الزرقاء,
ons-2021,12,24,EL MERIDJ,المريج,
ons-2021,12,25,BOULHEF DYR,بولحاف الدير,
ons-2021,12,26,BEDJEN,بجن,
ons-2021,12,27,EL MEZERAA,المزرعة,
ons-2021,12,28,FERKANE,فركان,
ons-2021,13,01,TLEMCEN,تلمسان,
ons-2021,13,02,BENI MESTER,بنى مستر,
ons-2021,13,03,AIN TELLOUT,عين تالوت,
ons-2021,13,04,REMCHI,الرمشى,
ons-2021,13,05,EL FEHOUL,الفحول,
ons-2021,13,06,SABRA,صبرة,
ons-2021,13,07,GHAZAOUET,الغزوات,
ons-2021,13,08,SOUANI,السوانى,
ons-2021,13,09,DJEBALA,جبالة,
ons-2021,13,10,EL GOR,القور,
ons-2021,13,11,OUED LAKHDAR,واد لخضر,
ons-2021,13,12,AIN FEZZA,عين فزة,
ons-2021,13,13,OULED MIMOUN,أولاد ميمون,
ons-2021,13,14,AMIEUR,عمير,
ons-2021,13,15,AIN YOUCEF,عين يوسف,
ons-2021,13,16,ZENATA,زناتة,
ons-2021,13,17,BENI SNOUS,بنى سنوس,
ons-2021,13,18,BAB EL ASSA,باب العسة,
ons-2021,13,19,DAR YAGHMOURACENE,دار يغمراسن,
ons-2021,13,20,FILAOUCENE,فلاوسن,
ons-2021,13,21,AZAILES,العزايل,eye
ons-2021,13,22,SEBAA CHIOUKH,السبعة شيوخ,
ons-2021,13,23,TERNI BENI HEDIEL,تيرنى بنى هديل,
ons-2021,13,24,BENSEKRANE,بن سكران,
ons-2021,13,25,AIN NEHALA,عين النحالة,
ons-2021,13,26,HENNAYA,الحناية,
ons-2021,13,27,MAGHNIA,مغنية,
ons-2021,13,28,HAMMAM BOUGHRARA,حمام بوغرارة,
ons-2021,13,29,SOUAHLIA,السواحلية,
ons-2021,13,30,MSIRDA FOUAGA,مسيردة الفواقة,
ons-2021,13,31,AIN FATAH,عين فتاح,
ons-2021,13,32,EL ARICHA,العريشة,
ons-2021,13,33,SOUK TLETA,سوق الثلاثاء,
ons-2021,13,34,SIDI ABDELLI,سيدي عبد اللى,
ons-2021,13,35,SEBDOU,سبدو,
ons-2021,13,36,BENI OUARSOUS,بني وارسوس,eye
ons-2021,13,37,SIDI MEDJAHED,سيدي مجاهد,
ons-2021,13,38,BENI BOUSSAID,بنى بوسعيد,
ons-2021,13,39,MARSA BEN MHIDI,مرسى بن مهيدي,
ons-2021,13,40,NEDROMA,ندرومة,
ons-2021,13,41,SIDI DJILLALI,سيدي الجيلالي,
ons-2021,13,42,BENI BAHDEL,بنى بهدل,eye
ons-2021,13,43,EL BOUIHI,البويهي,
ons-2021,13,44,HONAINE,هنين,eye
ons-2021,13,45,TIANET,تيانت,
ons-2021,13,46,OULED RIYAH,أولاد رياح,
ons-2021,13,47,BOUHLOU,بوحلو,
ons-2021,13,48,BENI KHELLAD,بني خلاد,
ons-2021,13,49,AIN GHORABA,عين غرابة,
ons-2021,13,50,CHETOUANE,شتوان,
ons-2021,13,51,MANSOURAH,منصورة,
ons-2021,13,52,BENI SEMIEL,بني صميل,
ons-2021,13,53,AIN KEBIRA,عين الكبيرة,
ons-2021,14,01,TIARET,تيارت,
ons-2021,14,02,MEDROUSSA,مدروسة,
ons-2021,14,03,AIN BOUCHEKIF,عين بوشقيف,
ons-2021,14,04,SIDI ALI MELLAL,سيدي علي ملال,
ons-2021,14,05,AIN ZARIT,عين دزاريت,eye
ons-2021,14,06,AIN DEHEB,عين الذهب,
ons-2021,14,07,SIDI BAKHTI,سيدي بختي,
ons-2021,14,08,MEDRISSA,مدريسة,
ons-2021,14,09,ZMALET EL EMIR AEK,زمالة الأمير عبد القادر,
ons-2021,14,10,MADNA,مادنة,
ons-2021,14,11,SEBT,السبت,
ons-2021,14,12,MELLAKOU,ملاكو,
ons-2021,14,13,DAHMOUNI,دحمونى,eye
ons-2021,14,14,RAHOUIA,رحوية,
ons-2021,14,15,MAHDIA,مهدية,
ons-2021,14,16,SOUGUEUR,السوقر,
ons-2021,14,17,SI ABDELGHANI,سي عبد الغنى,
ons-2021,14,18,AIN EL HADID,عين الحديد,
ons-2021,14,19,DJEBILET ROSFA,جبيلة الرصفاء,
ons-2021,14,20,NAIMA,النعيمة,
ons-2021,14,21,MEGHILA,مغيلة,
ons-2021,14,22,GUERTOUFA,قرطوفة,
ons-2021,14,23,SIDI HOSNI,سيدي الحسني,
ons-2021,14,24,DJILALI BEN AMAR,جيلالي بن عمار,
ons-2021,14,25,SEBAINE,سبعين,
ons-2021,14,26,TOUSNINA,توسنينة,
ons-2021,14,27,FRENDA,فرندة,
ons-2021,14,28,AIN KERMES,عين كرمس,
ons-2021,14,29,KSAR CHELLALA,قصر الشلالة,
ons-2021,14,30,RECHAIGA,الرشايقة,
ons-2021,14,31,NADORAH,الناظورة,
ons-2021,14,32,TAGDEMT,تاقدمت,
ons-2021,14,33,OUED LILI,وادى ليلى,
ons-2021,14,34,MECHRAA SFA,مشرع الصفا,
ons-2021,14,35,HAMADIA,حمادية,
ons-2021,14,36,CHEHAIMA,شحيمة,
ons-2021,14,37,TAKHEMARET,تاخمرت,
ons-2021,14,38,SIDI ABDERAHMANE,سيدي عبد الرحمان,
ons-2021,14,39,SERGHINE,سرغين,
ons-2021,14,40,BOUGARA,بوقرة,
ons-2021,14,41,FAIDJA,الفايجة,
ons-2021,14,42,TIDDA,تيدة,
ons-2021,15,01,TIZI OUZOU,تيزي وزو,eye
ons-2021,15,02,AIN EL HAMMAM,عين الحمام,
ons-2021,15,03,AKBIL,اقبيل,
ons-2021,15,04,FREHA,فريحة,
ons-2021,15,05,SOUAMAA,سوامع,
ons-2021,15,06,MECHTRASS,مشطراس,
ons-2021,15,07,IRDJEN,ايرجن,eye
ons-2021,15,08,TIMIZART,تيميزارت,eye
ons-2021,15,09,MAKOUDA,ماكودة,
ons-2021,15,10,DRAA EL MIZAN,ذراع الميزان,
ons-2021,15,11,TIZI GHENNIF,تيزى غنيف,
ons-2021,15,12,BOUNOUH,بونوح,
ons-2021,15,13,AIT CHAFFAA,آيت شافع,
ons-2021,15,14,FRIKAT,فريقات,
ons-2021,15,15,BENI AISSI,بنى عيسى,
ons-2021,15,16,BENI ZMENZER,بنى زمنزر,
ons-2021,15,17,IFERHOUNENE,ايفرحونن,eye
ons-2021,15,18,AZAZGA,عزازقة,
ons-2021,15,19,ILOULA OUMALOU,ايلولة أوما لو,
ons-2021,15,20,YAKOURENE,إعكورن,
ons-2021,15,21,LARBAE NATH IRATHENE,الاربعاء ناث ايراثن,
ons-2021,15,22,TIZI RACHED,تيزى راشد,
ons-2021,15,23,ZEKRI,زكرى,
ons-2021,15,24,OUAGUENOUN,وا قنون,eye
ons-2021,15,25,AIN ZAOUIA,عين الزاوية,
ons-2021,15,26,M’KIRA,مكيرة,
ons-2021,15,27,AIT YAHIA,آيت يحيى,
ons-2021,15,28,AIT MAHMOUD,آيت محمود,eye
ons-2021,15,29,MAATKA,المعاتقة,
ons-2021,15,30,AIT BOUMAHDI,آيت بومهدى,
ons-2021,15,31,ABI YOUCEF,أبى يوسف,
ons-2021,15,32,BENI DOUALA,بنى دوالة,
ons-2021,15,33,ILLILTEN,إليلتن,eye
ons-2021,15,34,BOUZGUENE,بوزقن,eye
ons-2021,15,35,AIT AGOUACHA,آيت عقواشة,
ons-2021,15,36,OUADHIA,واضية,eye
ons-2021,15,37,AZZEFOUN,أزفون,
ons-2021,15,38,TIGZIRT,تقزيرت,eye
ons-2021,15,39,AIT AISSA MIMOUN,ايت عيسى ميمون,
ons-2021,15,40,BOGHNI,بوغنى,
ons-2021,15,41,IFIGHA,ايفيغاء,
ons-2021,15,42,AIT OUMALOU,آيت أومالو,
ons-2021,15,43,TIRMITINE,تيرمتين,
ons-2021,15,44,AKERROU,أقرو,
ons-2021,15,45,YATAFENE,يطافن,eye
ons-2021,15,46,BENI ZIKI,بنى زيكى,
ons-2021,15,47,DRAA BEN KHEDA,ذراع بن خدة,
ons-2021,15,48,OUACIF,واسيف,
ons-2021,15,49,IDJEUR,إيجر,eye
ons-2021,15,50,MEKLA,مقلع,
ons-2021,15,51,TIZI N’TLETA,تيزى نثلاثة,
ons-2021,15,52,BENI YENNI,بنى ينى,
ons-2021,15,53,AGHRIB,أغريب,
ons-2021,15,54,IFLISSEN,افليسن,
ons-2021,15,55,BOUDJIMA,بوجيمة,
ons-2021,15,56,AIT YAHIA MOUSSA,آيت يحى موسى,eye
ons-2021,15,57,SOUK EL TENINE,سوق الاثنين,
ons-2021,15,58,AIT KHELLILI,آيت خليلي,eye
ons-2021,15,59,SIDI NAAMANE,سيدي نعمان,
ons-2021,15,60,IBOUDRARENE,إبودرارن,
ons-2021,15,61,AGOUNI GUEGHRANE,آقنى قغران,
ons-2021,15,62,MIZRANA,مزرانة,
ons-2021,15,63,IMSOUHAL,إمسوحال,
ons-2021,15,64,TADMAIT,تادمايت,
ons-2021,15,65,AIT BOUADOU,آيت بوعدو,
ons-2021,15,66,ASSI YOUCEF,أسى يوسف,
ons-2021,15,67,AIT TOUDERT,آيت تودرت,
ons-2021,16,01,ALGER CENTRE,الجزائر الوسطى,
ons-2021,16,02,SIDI M'HAMED,سيدي امحمد,
ons-2021,16,03,EL MADANIA,المدنية,
ons-2021,16,04,MOHAMED BELOUIZDAD,محمد بلوزداد,
ons-2021,16,05,BAB EL OUED,باب الوادي,
ons-2021,16,06,BOLOGHINE IBNOU ZIRI,بولوغين إبن زيري,
ons-2021,16,07,CASBAH,القصبة,
ons-2021,16,08,OUED KORICHE,وادي قريش,
ons-2021,16,09,BIR MOURAD RAIS,بئر مراد رايس,
ons-2021,16,10,EL BIAR,الأبيار,
ons-2021,16,11,BOUZAREAH,بوزريعة,
ons-2021,16,12,BIRKHADEM,بئر خادم,
ons-2021,16,13,EL HARRACH,الحراش,
ons-2021,16,14,BARAKI,براقي,
ons-2021,16,15,OUED SMAR,وادي سمار,
ons-2021,16,16,BOUBOUBA,بوروبة,
ons-2021,16,17,HUSSEIN DEY,حسين داي,
ons-2021,16,18,KOUBA,القبة,
ons-2021,16,19,BACHDJARAH,باش جراح,
ons-2021,16,20,DAR EL BEIDA,الدار البيضاء,
ons-2021,16,21,BAB EZZOUAR,باب الزوار,
ons-2021,16,22,BEN AKNOUN,بن عكنون,
ons-2021,16,23,DELY BRAHIM,دالي إبرهيم,
ons-2021,16,24,EL HAMMAMET,الحمامات,
ons-2021,16,25,RAIS HAMIDOU,الرايس حميدو,
ons-2021,16,26,DJASR KASSENTINA,جسر قسنطينة,
ons-2021,16,27,EL MOURADIA,المرادية,
ons-2021,16,28,HYDRA,حيدرة,
ons-2021,16,29,MOHAMMADIA,المحمدية,
ons-2021,16,30,BORDJ EL KIFFAN,برج الكيفان,
ons-2021,16,31,EL MAGHARIA,المغارية,
ons-2021,16,32,BENI MESSOUS,بني مسوس,
ons-2021,16,33,EUCALYPTUS,الكليتوس,
ons-2021,16,34,BIRTOUTA,بئر توتة,
ons-2021,16,35,TESSALA EL MERDJA,تسالة المرجى,
ons-2021,16,36,OULED CHEBEL,أولاد الشبل,
ons-2021,16,37,SIDI MOUSSA,سيدي موسى,
ons-2021,16,38,AIN TAYA,عين طاية,
ons-2021,16,39,BORDJ EL BAHRI,برج البحري,
ons-2021,16,40,EL MARSA,المرسى,
ons-2021,16,41,HARAOUA,الهراوة,
ons-2021,16,42,ROUIBA,الرويبة,
ons-2021,16,43,REGHAIA,رغاية,
ons-2021,16,44,AIN BENIAN,عين البنيان,
ons-2021,16,45,STAOUELI,سطاوالي,
ons-2021,16,46,ZERALDA,زرالدة,
ons-2021,16,47,MAHELMA,معالمة,
ons-2021,16,48,RAHMANIA,الرحمانية,
ons-2021,16,49,SOUIDANIA,سويدانية,
ons-2021,16,50,CHERAGA,الشراقة,
ons-2021,16,51,OULED FAYET,أولاد فايت,
ons-2021,16,52,EL ACHOUR,العاشور,
ons-2021,16,53,DRARIA,درارية,
ons-2021,16,54,DOUERA,الدويرة,eye
ons-2021,16,55,BABA HASSAN,بابا حسن,
ons-2021,16,56,KHRAICIA,خرايسية,eye
ons-2021,16,57,SAOULA,السحاولة,
ons-2021,17,01,DJELFA,الجلفة,
ons-2021,17,02,MOUDJEBARA,مجبارة,
ons-2021,17,03,EL GUEDID,القديد,
ons-2021,17,04,HASSI BAHBAH,حاسي بحبح,
ons-2021,17,05,AIN MAABED,عين معبد,
ons-2021,17,06,SED RAHAL,سد الرحال,
ons-2021,17,07,FEIDH EL BOTMA,فيض البطمة,
ons-2021,17,08,BIRINE,بيرين,
ons-2021,17,09,BOUIRA LAHDEB,بويرة الأحدب,
ons-2021,17,10,ZACCAR,زكار,
ons-2021,17,11,EL KHEMIS,الخميس,
ons-2021,17,12,SIDI BAYZID,سيدي بايزيد,
ons-2021,17,13,MLILIHA,المليليحة,eye
ons-2021,17,14,EL IDRISSIA,الادريسية,
ons-2021,17,15,DOUIS,دويس,
ons-2021,17,16,HASSI EL EUCH,حاسى العش,
ons-2021,17,17,MESSAAD,مسعد,
ons-2021,17,18,GUETTARA,قطارة,
ons-2021,17,19,SIDI LAADJEL,سيدي لعجال,
ons-2021,17,20,HAD SAHARY,حد الصحارى,
ons-2021,17,21,GUERNINI,قرنيني,eye
ons-2021,17,22,SELMANA,سلمانة,
ons-2021,17,23,AIN CHOUHADA,عين الشهداء,
ons-2021,17,24,OUM LADHAM,أم العظام,
ons-2021,17,25,DAR CHIOUKH,دار الشيوخ,
ons-2021,17,26,CHAREF,الشارف,
ons-2021,17,27,BENI YAGOUB,بنى يعقوب,
ons-2021,17,28,ZAAFRANE,زعفران,
ons-2021,17,29,DELDOUL,دلدول,
ons-2021,17,30,AIN EL IBEL,عين الابل,
ons-2021,17,31,AIN OUSSERA,عين وسارة,
ons-2021,17,32,BENHAR,بن هار,
ons-2021,17,33,HASSI FEDOUL,حاسى فدول,
ons-2021,17,34,AMOURAH,عمورة,
ons-2021,17,35,AIN FEKKA,عين فقه,eye
ons-2021,17,36,TADMIT,تاعظميت,
ons-2021,18,01,JIJEL,جيجل,
ons-2021,18,02,ERRAGUENE,أرا قن,
ons-2021,18,03,EL AOUANA,العوانة,
ons-2021,18,04,ZIAMA MANSOURIA,زيامة منصورية,
ons-2021,18,05,TAHER,الطاهير,
ons-2021,18,06,EMIR ABDELKADER,الامير عبد القادر,
ons-2021,18,07,CHEKFA,الشقفة,
ons-2021,18,08,CHAHANA,الشحنة,
ons-2021,18,09,EL MILIA,الميلية,
ons-2021,18,10,SIDI MAAROUF,سيدي معروف,
ons-2021,18,11,SETTARA,السطارة,
ons-2021,18,12,EL ANCER,العنصر,
ons-2021,18,13,SIDI ABDELAZIZ,سيدي عبد العزيز,
ons-2021,18,14,KAOUS,قاوس,
ons-2021,18,15,GHEBALA,غبالة,
ons-2021,18,16,BOURAOUI BELHADEF,بوراوى بلهادف,
ons-2021,18,17,DJMILA,جيملة,
ons-2021,18,18,SELMA BENZIADA,سلمى بن زيادة,
ons-2021,18,19,BOUSSIF OULED ASKEUR,بوسيف أولاد عسكر,
ons-2021,18,20,EL KENNAR NOUCHFI,القنار نشفى,
ons-2021,18,21,OULED YAHIA KHADROUCH,أولاد يحيى خدروش,
ons-2021,18,22,BOUDRIA BENI YADJIS,بودريعة بني ياجيس,eye
ons-2021,18,23,KHEIRI OUED ADJOUL,خيري واد عجول,
ons-2021,18,24,TEXENNA,تاكسنة,
ons-2021,18,25,DJEMAA BENI HABIBI,الجمعة بنى حبيبى,
ons-2021,18,26,BORDJ TAHER,برج الطهر,
ons-2021,18,27,OULED RABAH,أولاد رابح,
ons-2021,18,28,OUDJANA,وجانة,
ons-2021,19,01,SETIF,سطيف,
ons-2021,19,02,AIN EL KEBIRA,العين الكبيرة,
ons-2021,19,03,BENI AZIZ,بنى عزيز,
ons-2021,19,04,OULED SI AHMED,أولاد سي أحمد,
ons-2021,19,05,BOUTALEB,بوطالب,
ons-2021,19,06,AIN ROUA,عين الروى,
ons-2021,19,07,DRAA KEBILA,ذراع قبيلة,
ons-2021,19,08,BIR EL ARCH,بئر العرش,
ons-2021,19,09,BENI CHEBANA,بنى شبانة,
ons-2021,19,10,OULED TEBBEN,أولاد تبان,
ons-2021,19,11,HAMMA,الحامة,
ons-2021,19,12,MAAOUIA,معاوية,
ons-2021,19,13,AIN LEGRADJ,عين لقراج,
ons-2021,19,14,AIN ABESSA,عين عباسة,
ons-2021,19,15,DEHAMCHA,الدهامشة,
ons-2021,19,16,BABOR,بابور,
ons-2021,19,17,GUIDJEL,قجال,
ons-2021,19,18,AIN EL HADJAR,عين الحجر,
ons-2021,19,19,BOUSSELAM,بوسلام,
ons-2021,19,20,EL EULMA,العلمة,
ons-2021,19,21,DJEMILA,جميلة,
ons-2021,19,22,BENI OURTILANE,بنى ورثيلان,
ons-2021,19,23,ROSFA,الرصفة,
ons-2021,19,24,OULED ADOUANE,أولاد عدوان,
ons-2021,19,25,BELAA,بلعة,
ons-2021,19,26,AIN ARNAT,عين أرنات,
ons-2021,19,27,AMOUCHA,عموشة,
ons-2021,19,28,AIN OULMENE,عين أولمان,
ons-2021,19,29,BEIDA BORDJ,بيضاء برج,
ons-2021,19,30,BOUANDAS,بوعنداس,
ons-2021,19,31,BAZER SAKHRA,بازر الصخرة,
ons-2021,19,32,HAMMAM SOUKHNA,حمام السخنة,
ons-2021,19,33,MEZLOUG,مزلوق,
ons-2021,19,34,BIR HADDADA,بئر حدادة,
ons-2021,19,35,SERDJ EL GHOUL,سرج الغول,
ons-2021,19,36,HARBIL,حربيل,
ons-2021,19,37,EL OURICIA,الأوريسية,
ons-2021,19,38,TIZI N'BECHAR,تيزى نبشار,
ons-2021,19,39,SALAH BEY,صالح باي,
ons-2021,19,40,AIN AZEL,عين ازال,
ons-2021,19,41,GUENZET,قنزات,
ons-2021,19,42,TALA IFACENE,تالة إيفاسن,
ons-2021,19,43,BOUGAA,بوقاعة,
ons-2021,19,44,BENI FOUDA,بنى فودة,
ons-2021,19,45,TACHOUDA,تاشورة,
ons-2021,19,46,BENI MOUHLI,بنى موحلى,
ons-2021,19,47,OULED SABOR,أولاد صابر,
ons-2021,19,48,GUELLAL,قلال,
ons-2021,19,49,AIN SEBT,عين السبت,
ons-2021,19,50,HAMMAM GUERGOUR,حمام قرقور,
ons-2021,19,51,AIT NOUAL M’ZADA,آيت نوال مزادة,
ons-2021,19,52,KSAR EL ABTAL,قصر الأبطال,
ons-2021,19,53,BENI HOCINE,بنى حسين,
ons-2021,19,54,AIT TIZI,آيت تيزي,eye
ons-2021,19,55,MAOKLANE,ماوكلان,
ons-2021,19,56,GUELTA ZERGA,القلتة الزرقاء,
ons-2021,19,57,OUED EL BARED,وادي البارد,
ons-2021,19,58,TAYA,الطاية,
ons-2021,19,59,EL OULDJA,الولجة,
ons-2021,19,60,TELLA,التلة,
ons-2021,20,01,SAIDA,سعيدة,
ons-2021,20,02,DOUI THABET,دوي ثابت,
ons-2021,20,03,AIN HADJAR,عين الحجر,
ons-2021,20,04,OULED KHALED,أولاد خالد,
ons-2021,20,05,MOULAY LARBI,مولاي العربي,
ons-2021,20,06,YOUB,يوب,
ons-2021,20,07,HOUNET,هونت,eye
ons-2021,20,08,SIDI AMAR,سيدي عمار,
ons-2021,20,09,SIDI BOUBEKEUR,سيدي بوبكر,
ons-2021,20,10,EL HASSASSNA,الحساسنة,
ons-2021,20,11,MAAMORA,المعمورة,
ons-2021,20,12,SIDI AHMED,سيدي أحمد,
ons-2021,20,13,AIN SKHOUNA,العين السخونة,
ons-2021,20,14,OULED BRAHIM,أولاد ابراهيم,
ons-2021,20,15,TIRCINE,تيرسين,
ons-2021,20,16,AIN SOLTANE,عين السلطان,
ons-2021,21,01,SKIKDA,سكيكدة,
ons-2021,21,02,AIN ZOUIT,عين زويت,
ons-2021,21,03,EL HADAIEK,الحدائق,
ons-2021,21,04,AZZABA,عزابة,
ons-2021,21,05,DJENDEL SAADI MED,جندل سعدي محمد,
ons-2021,21,06,AIN CHERCHAR,عين شرشار,
ons-2021,21,07,BEKKOUCHE LAKHDAR,بكوش الاخضر,
ons-2021,21,08,BEN AZZOUZ,بن عزوز,
ons-2021,21,09,ES SEBT,السبت,
ons-2021,21,10,COLLO,القل,
ons-2021,21,11,BENI ZID,بنى زيد,
ons-2021,21,12,KERKERA,الكركرة,
ons-2021,21,13,OULED ATTIA,أولاد عطية,
ons-2021,21,14,OUED ZHOUR,وادى الزهور,
ons-2021,21,15,ZITOUNA,الزيتونة,
ons-2021,21,16,EL HARROUCH,الحروش,
ons-2021,21,17,ZARDEZAS,زردازة,
ons-2021,21,18,OULED HEBABA,أولاد حبابة,
ons-2021,21,19,SIDI MEZGHICHE,سيدي مزغيش,
ons-2021,21,20,EMDJEZ EDCHICH,مجاز الدشيش,
ons-2021,21,21,BENI OULBANE,بنى ولبان,
ons-2021,21,22,AIN BOUZIANE,عين بوزيان,
ons-2021,21,23,RAMDANE DJAMEL,رمضان جمال,
ons-2021,21,24,BENI BACHIR,بنى بشير,
ons-2021,21,25,SALAH BOUCHAOUR,صالح بو الشعور,
ons-2021,21,26,TAMALOUS,تمالوس,
ons-2021,21,27,AIN KECHERA,عين قشرة,
ons-2021,21,28,OUM TOUB,أم الطوب,
ons-2021,21,29,BEIN EL OUIDEN,بين الويدان,
ons-2021,21,30,FILFILA,فلفلة,eye
ons-2021,21,31,CHERAIA,الشرايع,eye
ons-2021,21,32,KANOUA,قنواع,eye
ons-2021,21,33,EL GHEDIR,الغدير,
ons-2021,21,34,BOUCHETATA,بوشطاطة,
ons-2021,21,35,OULDJA BOULBALOUT,الولجة بوالبلوط,
ons-2021,21,36,KHENAK MAYOUN,خناق مايون,
ons-2021,21,37,HAMADI KROUMA,حمادى كرومة,
ons-2021,21,38,EL MARSA,المرسى,
ons-2021,22,01,SIDI BEL ABBES,سيدي بلعباس,
ons-2021,22,02,TESSALA,تسالة,
ons-2021,22,03,SIDI BRAHIM,سيدي ابراهيم,
ons-2021,22,04,MOSTEFA BEN BRAHIM,مصطفى بن ابراهيم,
ons-2021,22,05,TELAGH,تلاغ,
ons-2021,22,06,MEZAOUROU,مزاورو,
ons-2021,22,07,BOUKHANIFIS,بو خنفيس,eye
ons-2021,22,08,SIDI ALI BOUSSIDI,سيدي على بوسيدى,
ons-2021,22,09,BADREDINE EL MOKRANI,بدر الدين المقرانى,
ons-2021,22,10,MARHOUM,مرحوم,
ons-2021,22,11,TAFISSOUR,تفسور,
ons-2021,22,12,AMARNAS,العمارنة,
ons-2021,22,13,TILMOUNI,تلمونى,
ons-2021,22,14,SIDI LAHCENE,سيدي لحسن,
ons-2021,22,15,AIN TRID,عين الثريد,
ons-2021,22,16,MAKEDRA,مقدرة,
ons-2021,22,17,TENIRA,تنبرة,
ons-2021,22,18,MOULAY SLISSEN,مولاى سليسن,
ons-2021,22,19,EL HACAIBA,الحصيبة,
ons-2021,22,20,HASSI ZAHANA,حاسى زهانة,
ons-2021,22,21,TABIA,طابية,
ons-2021,22,22,MERINE,مرين,
ons-2021,22,23,RAS EL MA,رأس الماء,
ons-2021,22,24,AIN TINDAMINE,عين تندمين,
ons-2021,22,25,AIN KADA,عين قادة,
ons-2021,22,26,M'CID,مسيد,
ons-2021,22,27,SIDI KHALED,سيدي خالد,
ons-2021,22,28,AIN EL BERD,عين البرد,
ons-2021,22,29,SFISEF,سفيزف,
ons-2021,22,30,AIN ADDEN,عين أدن,eye
ons-2021,22,31,OUED TAOURIRA,وادى تاوريرة,
ons-2021,22,32,DHAYA,الضاية,
ons-2021,22,33,ZEROUALA,زروالة,
ons-2021,22,34,LAMTAR,لمطار,
ons-2021,22,35,SIDI CHAIB,سيدي شعيب,
ons-2021,22,36,SIDI DAHO DE ZAIRS,سيدي دحو الزاير,
ons-2021,22,37,OUED SEBAA,وادى السبع,
ons-2021,22,38,BOUDJEBAA EL BORDJ,بوجبهة البرج,
ons-2021,22,39,SEHALA THAOURA,سهالة الثورة,eye
ons-2021,22,40,SIDI YACOUB,سيدي يعقوب,
ons-2021,22,41,SIDI HAMADOUCHE,سيدي حمادوش,
ons-2021,22,42,BELARBI,بلعربى,
ons-2021,22,43,OUED SEFIOUN,وادى سفيون,
ons-2021,22,44,TEGHALIMET,تغاليمت,
ons-2021,22,45,BEN BADIS,ابن باديس,
ons-2021,22,46,SIDI ALI BENYOUB,سيدي على بن يوب,
ons-2021,22,47,CHETOUANE BELAILA,شيطوان بليلة,eye
ons-2021,22,48,BIR EL HAMMAM,بئر الحمام,
ons-2021,22,49,TAOUDMOUT,تاودموت,eye
ons-2021,22,50,REDJEM DEMOUCHE,رجم دموش,
ons-2021,22,51,BENACHIBA CHELIA,بن عشيبة الشيلية,eye
ons-2021,22,52,HASSI DAHO,حاسى دحو,eye
ons-2021,23,01,ANNABA,عنابة,
ons-2021,23,02,BERRAHAL,برحال,
ons-2021,23,03,EL HADJAR,الحجار,
ons-2021,23,04,EL EULMA,العلمة,
ons-2021,23,05,EL BOUNI,البوني,
ons-2021,23,06,OUED EL ANEB,وادي العنب,
ons-2021,23,07,CHEURFA,الشرفة,
ons-2021,23,08,SERAIDI,سرايدي,eye
ons-2021,23,09,AIN BERDA,عين الباردة,eye
ons-2021,23,10,CHETAIBI,شطايبي,
ons-2021,23,11,SIDI AMAR,سيدي عمار,
ons-2021,23,12,TREAT,التريعات,eye
ons-2021,24,01,GUELMA,قالمة,
ons-2021,24,02,NECHMAYA,نشماية,
ons-2021,24,03,BOUATI MAHMOUD,بوعاتي محمود,eye
ons-2021,24,04,OUED ZENATI,وادي الزناتي,
ons-2021,24,05,TAMLOUKA,تاملوكة,
ons-2021,24,06,OUED FRAGHA,وادي فراغة,
ons-2021,24,07,AIN SANDEL,عين صندل,
ons-2021,24,08,RAS EL AGBA,راس العقبة,
ons-2021,24,09,DAHOUARA,الدهوارة,
ons-2021,24,10,BELKHEIR,بلخير,
ons-2021,24,11,BEN DJARAH,بن جراح,
ons-2021,24,12,BOUHAMDANE,بوحمدان,
ons-2021,24,13,AIN MAKHLOUF,عين مخلوف,
ons-2021,24,14,AIN BEN BEIDA,عين بن بيضاء,
ons-2021,24,15,KHEZARAS,لخزارة,
ons-2021,24,16,BENI MEZLINE,بنى مزلين,
ons-2021,24,17,BOUHACHANA,بوحشانة,
ons-2021,24,18,GUELAAT BOU SBAA,قلعة بوصبع,eye
ons-2021,24,19,HAMMAM DEBAGH,حمام دباغ,
ons-2021,24,20,EL FEDJOUDJ,الفجوج,
ons-2021,24,21,BORDJ SABAT,برج صباط,
ons-2021,24,22,HAMMAM N'BAIL,حمام النبايل,
ons-2021,24,23,AIN LARBI,عين العربى,
ons-2021,24,24,MEDJEZ AMAR,مجاز عمار,
ons-2021,24,25,BOUCHEGOUF,بوشقوف,eye
ons-2021,24,26,HELIOPOLIS,هيليوبوليس,
ons-2021,24,27,HOUARI BOUMEDIENE,هواري بومدين,
ons-2021,24,28,ROKNIA,الركنية,
ons-2021,24,29,SELLAOUA ANNOUNA,سلاوة عنونة,
ons-2021,24,30,MEDJEZ SFA,مجاز الصفاء,
ons-2021,24,31,BOUMAHRA AHMED,بومهرة أحمد,
ons-2021,24,32,AIN REGGADA,عين رقادة,
ons-2021,24,33,OUED CHEHAM,وادى الشحم,
ons-2021,24,34,DJEBALLAH KHEMISSI,جبالة الخميسى,
ons-2021,25,01,CONSTANTINE,قسنطينة,
ons-2021,25,02,HAMMA BOUZIANE,حامة بوزيان,
ons-2021,25,03,IBN BADIS,ابن باديس الهرية,
ons-2021,25,04,ZIGHOUT YOUCEF,زيغود يوسف,
ons-2021,25,05,DIDOUCHE MOURAD,ديدوش مراد,
ons-2021,25,06,EL KHROUB,الخروب,
ons-2021,25,07,AIN ABID,عين عبيد,
ons-2021,25,08,BENI HAMIDENE,بنى حميدان,
ons-2021,25,09,OULED RAHMOUNE,أولاد رحمون,
ons-2021,25,10,AIN SMARA,عين سمارة,
ons-2021,25,11,MESSAOUD BOUJERIOU,مسعود بوجريو,
ons-2021,25,12,IBN ZIAD,ابن زياد,
ons-2021,26,01,MEDEA,المدية,
ons-2021,26,02,OUZERA,وزرة,
ons-2021,26,03,OULED MAAREF,أولاد معرف,
ons-2021,26,04,AIN BOUCIF,عين بوسيف,
ons-2021,26,05,AISSAOUIA,العيساوية,
ons-2021,26,06,OULED DEID,اولاد دايد,
ons-2021,26,07,EL OMARIA,العمارية,
ons-2021,26,08,DERRAG,دراق,
ons-2021,26,09,EL GUELB EL KEBIR,القلب الكبير,
ons-2021,26,10,BOUAICHE,بوعيش,
ons-2021,26,11,MEZGHANA,مزغنة,
ons-2021,26,12,OULED BRAHIM,أولاد ابراهيم,
ons-2021,26,13,TIZI MAHDI,تيزي مهدي,
ons-2021,26,14,SIDI ZIANE,سيدي زيان,
ons-2021,26,15,TAMESGUIDA,تامسقيدة,
ons-2021,26,16,EL HAMDANIA,الحمدانية,
ons-2021,26,17,KEF LAKHDAR,الكاف الاخضر,
ons-2021,26,18,CHELLALET EL ADHAOURA,شلالة العذاورة,
ons-2021,26,19,BOUSKENE,بوسكن,
ons-2021,26,20,REBAIA,الربعية,
ons-2021,26,21,BOUCHRAHIL,بوشراحيل,
ons-2021,26,22,OULED HELLAL,أولاد هلال,
ons-2021,26,23,TAFRAOUT,تفراوت,
ons-2021,26,24,BAATA,بعطة,
ons-2021,26,25,BOGHAR,بوغار,
ons-2021,26,26,SIDI NAAMANE,سيدي نعمان,
ons-2021,26,27,OULED BOUACHRA,أولاد بوعشرة,eye
ons-2021,26,28,SIDI ZAHAR,سيدي زهار,
ons-2021,26,29,OUED HARBIL,وادى حربيل,
ons-2021,26,30,BEN CHICAO,بن شكاو,
ons-2021,26,31,SIDI DAMED,سيدى دامد,
ons-2021,26,32,AZIZ,عزيز,
ons-2021,26,33,SOUAGUI,السواقى,
ons-2021,26,34,ZOUBIRIA,الزبيرية,
ons-2021,26,35,KSAR EL BOUKHARI,قصر البخارى,
ons-2021,26,36,EL AZIZIA,العزيزية,eye
ons-2021,26,37,DJOUAB,جواب,
ons-2021,26,38,CHAHBOUNIA,الشهبونية,
ons-2021,26,39,MEGHRAOUA,مغراوة,
ons-2021,26,40,CHENIGUEL,شنيقل,
ons-2021,26,41,AIN OUKSIR,عين القصير,
ons-2021,26,42,OUM EL DJALIL,أم الجليل,
ons-2021,26,43,OUAMRI,عوامرى,
ons-2021,26,44,SI MAHDJOUB,سى المحجوب,
ons-2021,26,45,TLATET EDDOUAIR,ثلاثة دوائر,
ons-2021,26,46,BENI SLIMANE,بنى سليمان,
ons-2021,26,47,BERROUAGHIA,البرواقية,
ons-2021,26,48,SEGHOUANE,سغوان,
ons-2021,26,49,MFATHA,مفاتحة,eye
ons-2021,26,50,MIHOUB,ميهوب,
ons-2021,26,51,BOUGHZOUL,بوغزول,
ons-2021,26,52,TABLAT,تابلاط,
ons-2021,26,53,DEUX BASSINS,الحوضان,
ons-2021,26,54,DRAA ESSAMAR,ذراع السمار,
ons-2021,26,55,SIDI ERRABIE,سيدي الربيع,
ons-2021,26,56,BIR BEN ABED,بئر بن عابد,
ons-2021,26,57,EL OUINET,العوينات,
ons-2021,26,58,OULED ANTAR,أولاد عنتر,
ons-2021,26,59,BOUAICHOUN,بوعيشون,
ons-2021,26,60,HANNACHA,حناشة,
ons-2021,26,61,SEDRAIA,صدراية,
ons-2021,26,62,MEDJEBAR,مجبر,
ons-2021,26,63,KHAMS DJOUAMAA,خمس جوامع,
ons-2021,26,64,SANEG,سانق,
ons-2021,27,01,MOSTAGANEM,مستغانم,
ons-2021,27,02,SAYADA,صيادة,
ons-2021,27,03,FORNAKA,فرناكة,
ons-2021,27,04,STIDIA,ستيدية,
ons-2021,27,05,AIN NOUISSY,عين نويسى,
ons-2021,27,06,HASSI MAAMECHE,حاسى ماماش,
ons-2021,27,07,AIN TADLES,عين تادلس,
ons-2021,27,08,SOUR,سور,
ons-2021,27,09,OUED EL KHEIR,وادى الخير,
ons-2021,27,10,SIDI BELATTAR,سيدي بلعطار,
ons-2021,27,11,KHEIREDINE,خير الدين,
ons-2021,27,12,SIDI ALI,سيدي على,
ons-2021,27,13,ABDELMALEK RAMDANE,عبد المالك رمضان,
ons-2021,27,14,HADJADJ,حجاج,
ons-2021,27,15,NEKMARIA,نكمارية,
ons-2021,27,16,SIDI LAKHDAR,سيدي لخضر,
ons-2021,27,17,ACHAACHA,عشعاشة,
ons-2021,27,18,KHADRA,خضراء,
ons-2021,27,19,BOUGUIRAT,بوقيراط,eye
ons-2021,27,20,SIRAT,سيرات,
ons-2021,27,21,AIN SIDI CHERIF,عين سيدي الشريف,
ons-2021,27,22,MESRA,ماسرة,
ons-2021,27,23,MANSOURAH,منصورة,
ons-2021,27,24,SOUAFLIA,السوافلية,
ons-2021,27,25,OULED BOUGHALEM,أولاد بوغالم,eye
ons-2021,27,26,OULED MAALLAH,أولاد مع الله,
ons-2021,27,27,MEZGHRANE,مزغران,
ons-2021,27,28,AIN BOUDINAR,عين بودينار,
ons-2021,27,29,TAZGAIT,تزقايت,
ons-2021,27,30,SAFSAF,صفصاف,
ons-2021,27,31,TOUAHRIA,الطواهرية,
ons-2021,27,32,EL HASSIANE,الحسيان,
ons-2021,28,01,M'SILA,المسيلة,
ons-2021,28,02,MAADID,المعاضيد,
ons-2021,28,03,HAMMAM DHALAA,حمام الضلعة,
ons-2021,28,04,OULED DERRADJ,أولاد دراج,
ons-2021,28,05,TARMOUNT,تارمونت,
ons-2021,28,06,MTARFA,المطارفة,
ons-2021,28,07,KHOUBANA,خبانة,
ons-2021,28,08,M'CIF,مسيف,
ons-2021,28,09,CHELLAL,شلال,
ons-2021,28,10,OULED MAHDI,أولاد ماضى,
ons-2021,28,11,MAGRA,مقرة,
ons-2021,28,12,BERHOUM,برهوم,
ons-2021,28,13,AIN KHADRA,عين خضراء,
ons-2021,28,14,OULED ADDI GUEBALA,أولاد عدي لقبالة,
ons-2021,28,15,BELAIBA,بلعايبة,
ons-2021,28,16,SIDI AISSA,سيدي عيسى,
ons-2021,28,17,AIN EL HADJEL,عين الحجل,
ons-2021,28,18,SIDI HADJERES,سيدي هجرس,
ons-2021,28,19,OUANOUGHA,ونوغة,
ons-2021,28,20,BOUSAADA,بوسعادة,
ons-2021,28,21,OULED SIDI BRAHIM,أولاد سيدي ابراهيم,
ons-2021,28,22,SIDI AMEUR,سيدي عامر,
ons-2021,28,23,TAMSA,تامسة,
ons-2021,28,24,BEN SROUR,بن سرور,
ons-2021,28,25,OULED SLIMANE,أولاد سليمان,
ons-2021,28,26,EL HOUAMED,الحوامد,
ons-2021,28,27,EL HAMEL,الهامل,
ons-2021,28,28,OULED MANSOUR,أولاد منصور,
ons-2021,28,29,MAARIF,معاريف,
ons-2021,28,30,DEHAHNA,دهاهنة,
ons-2021,28,31,BOUTI SAYAH,بوطى السايح,
ons-2021,28,32,KHETTOUTI CED EL DJIR,خطوطي سد الجير,
ons-2021,28,33,ZARZOUR,زرزور,
ons-2021,28,34,MOHAMED BOUDIAF,محمد بوضياف,
ons-2021,28,35,BENZOUH,بن زوه,
ons-2021,28,36,BIR FODDA,بئر فضة,
ons-2021,28,37,AIN FARES,عين فارس,
ons-2021,28,38,SIDI M'HAMED,سيدي محمد,
ons-2021,28,39,MENEA,مناعة,
ons-2021,28,40,SOUAMAA,السوامع,eye
ons-2021,28,41,AIN EL MELH,عين الملح,
ons-2021,28,42,MEDJEDEL,مجدل,
ons-2021,28,43,SLIM,سليم,
ons-2021,28,44,AIN ERRICH,عين الريش,
ons-2021,28,45,BENI ILMANE,بنى يلمان,
ons-2021,28,46,OULTEN,ولتام,
ons-2021,28,47,DJEBEL MESSAAD,جبل مساعد,
ons-2021,29,01,MASCARA,معسكر,
ons-2021,29,02,BOUHANIFIA,بوحنيفية,
ons-2021,29,03,TIZI,تيزي,
ons-2021,29,04,HACINE,حسين,
ons-2021,29,05,MAOUSSA,ماوسة,
ons-2021,29,06,TIGHENNIF,تيغنيف,
ons-2021,29,07,EL HACHEM,الحشم,eye
ons-2021,29,08,SIDI KADA,سيدي قادة,
ons-2021,29,09,ZELAMTA,زلامطة,
ons-2021,29,10,OUED EL ABTAL,واد الابطال,
ons-2021,29,11,AIN FERAH,عين فراح,
ons-2021,29,12,GHRISS,غريس,
ons-2021,29,13,FROHA,فروحة,
ons-2021,29,14,MATEMORE,مطمور,
ons-2021,29,15,MAKDHA,ماقضة,eye
ons-2021,29,16,SIDI BOUSSAID,سيدي بوسعيد,
ons-2021,29,17,EL BORDJ,البرج,
ons-2021,29,18,AIN FEKAN,عين فكان,
ons-2021,29,19,BENIAN,بنيان,
ons-2021,29,20,KHALOUIA,خلوية,eye
ons-2021,29,21,EL MENAOUER,المنور,
ons-2021,29,22,OUED TARIA,واد التاغية,eye
ons-2021,29,23,AOUF,عوف,
ons-2021,29,24,AIN FARES,عين فارس,
ons-2021,29,25,AIN FRASS,عين أفرص,eye
ons-2021,29,26,SIG,سيق,
ons-2021,29,27,OGGAZ,عقاز,
ons-2021,29,28,ALAIMIA,العلايمية,
ons-2021,29,29,EL GAADA,القعدة,
ons-2021,29,30,ZAHANA,زهانة,
ons-2021,29,31,MOHAMMADIA,المحمدية,
ons-2021,29,32,SIDI ABDELMOUMENE,سيدي عبد المومن,
ons-2021,29,33,FERRAGUIG,فراقيق,eye
ons-2021,29,34,EL GHOMRI,الغمري,
ons-2021,29,35,SEDJERARA,سجرارة,
ons-2021,29,36,MOCTA DOUZ,مقطع الدوز,
ons-2021,29,37,BOU HENNI,بوهني,eye
ons-2021,29,38,EL GUETNA,القيطنة,eye
ons-2021,29,39,EL MAMOUNIA,المامونية,
ons-2021,29,40,EL KEURT,الكرط,
ons-2021,29,41,GHARROUS,غروس,
ons-2021,29,42,GUERDJOUM,غرجوم,
ons-2021,29,43,CHORFA,شرفة,
ons-2021,29,44,RAS AIN AMIROUCHE,راس عين عميروش,
ons-2021,29,45,NESMOTH,نسمط,eye
ons-2021,29,46,SIDI ABDELDJEBAR,سيدي عبد الجيار,
ons-2021,29,47,SEHAILIA,السهايلية,eye
ons-2021,30,01,OUARGLA,ورقلة,
ons-2021,30,02,AIN BEIDA,عين البيضاء,
ons-2021,30,03,N'GOUSSA,نقوسة,
ons-2021,30,04,HASSI MESSAOUD,حاسى مسعود,
ons-2021,30,05,ROUISSAT,الرويسات,
ons-2021,30,11,SIDI KHOUILED,سيدي خويلد,
ons-2021,30,12,HASSI BEN ABDELLAH,حاسي بن عبد الله,
ons-2021,30,21,EL BORMA,البرمة,
ons-2021,31,01,ORAN,وهران,
ons-2021,31,02,GDYEL,قديل,
ons-2021,31,03,BIR EL DJIR,بئر الجير,
ons-2021,31,04,HASSI BOUNIF,حاسي بونيف,
ons-2021,31,05,ES SENIA,السانية,
ons-2021,31,06,ARZEW,أرزيو,
ons-2021,31,07,BETHIOUA,بطيوة,
ons-2021,31,08,MARSAT EL HADJADJ,مرسى الحجاج,
ons-2021,31,09,AIN TURK,عين الترك,
ons-2021,31,10,EL ANCOR,العنصر,
ons-2021,31,11,OUED TLELAT,وادى تليلات,
ons-2021,31,12,TAFRAOUI,طفراوى,
ons-2021,31,13,SIDI CHAMI,سيدي الشحمى,
ons-2021,31,14,BOUFATIS,بوفاتيس,eye
ons-2021,31,15,MERS EL KEBIR,المرسى الكبير,
ons-2021,31,16,BOUSFER,بوصفر,
ons-2021,31,17,EL KERMA,الكرمة,
ons-2021,31,18,EL BRAYA,البراية,
ons-2021,31,19,HASSI BEN OKBA,حاسى بن عقبة,
ons-2021,31,20,BEN FREHA,بن فريحة,
ons-2021,31,21,HASSI MEFSOUKH,حاسى مفسوخ,
ons-2021,31,22,SIDI BEN YABKA,سيدي بن يبقى,
ons-2021,31,23,MESSERGHIN,مسرغين,eye
ons-2021,31,24,BOUTLELIS,بوتليليس,
ons-2021,31,25,AIN KERMA,عين الكرمة,
ons-2021,31,26,AIN BIYA,عين البية,
ons-2021,32,01,EL BAYADH,البيض,
ons-2021,32,02,ROGASSA,رقاصة,
ons-2021,32,03,STITTEN,ستيتن,
ons-2021,32,04,BREZINA,بريزينة,
ons-2021,32,05,GHASSOUL,الغاسول,eye
ons-2021,32,06,BOUALEM,بوعلام,eye
ons-2021,32,07,EL ABIODH SIDI CHEIKH,الابيض سيدي الشيخ,
ons-2021,32,08,AIN EL ORAK,عين العراك,
ons-2021,32,09,ARBAOUET,أربوات,eye
ons-2021,32,10,BOUGTOUB,بوقطب,
ons-2021,32,11,EL KHEITER,الخيثر,
ons-2021,32,12,KEF EL AHMAR,الكاف الاحمر,
ons-2021,32,13,BOUSSEMGHOUN,بوسمغون,
ons-2021,32,14,CHELLALA,شلالة,
ons-2021,32,15,KERAKDA,كراكدة,
ons-2021,32,16,EL BNOUD,البنود,
ons-2021,32,17,CHEGUIG,الشقيق,
ons-2021,32,18,SIDI AMEUR,سيدي عمر,
ons-2021,32,19,EL MEHARA,المحرة,eye
ons-2021,32,20,TOUSMOULINE,توسمولين,
ons-2021,32,21,SIDI SLIMANE,سيدي سليمان,
ons-2021,32,22,SIDI TIFOUR,سيدي طيفور,
ons-2021,33,01,ILLIZI,ايليزى,
ons-2021,33,03,DEBDEB,دبداب,
ons-2021,33,04,BORDJ OMAR DRISS,برج عمر ادريس,
ons-2021,33,06,IN AMENAS,ان أميناس,eye
ons-2021,34,01,BORDJ BOU ARRERIDJ,برج بوعريرج,
ons-2021,34,02,RAS EL OUED,راس الواد,
ons-2021,34,03,BORDJ ZEMOURA,برج زمورة,
ons-2021,34,04,MANSOURA,المنصورة,eye
ons-2021,34,05,EL M'HIR,المهير,
ons-2021,34,06,BEN DAOUD,بن داود,
ons-2021,34,07,EL ACHIR,اليشير,eye
ons-2021,34,08,AIN TAGHROUT,عين تاغروت,
ons-2021,34,09,BORDJ GHDIR,برج غدير,
ons-2021,34,10,SIDI EMBAREK,سيدي امبارك,eye
ons-2021,34,11,EL HAMADIA,الحمادية,
ons-2021,34,12,BELIMOUR,بليمور,
ons-2021,34,13,MEDJANA,مجانة,
ons-2021,34,14,TENIET ENNASR,ثنية النصر,
ons-2021,34,15,DJAAFRA,جعافرة,
ons-2021,34,16,EL MAIN,إلماين,eye
ons-2021,34,17,OULED BRAHEM,أولاد براهم,
ons-2021,34,18,OULED DAHMANE,أولاد دحمان,
ons-2021,34,19,HASNAOUA,حسناوة,
ons-2021,34,20,KHELIL,خليل,
ons-2021,34,21,TAGLAIT,تقلعيت,eye
ons-2021,34,22,KSOUR,القصور,
ons-2021,34,23,OULED SIDI BRAHIM,أولاد سيدي براهيم,eye
ons-2021,34,24,TAFREG,تفرق,
ons-2021,34,25,COLLA,القلة,
ons-2021,34,26,TIXTER,تكستار,eye
ons-2021,34,27,EL ACH,العش,
ons-2021,34,28,EL ANSEUR,العناصر,
ons-2021,34,29,TESMART,تسامرت,eye
ons-2021,34,30,AIN TASRA,عين تسرة,
ons-2021,34,31,BIR KASDALI,بئر قاصد علي,eye
ons-2021,34,32,GHILASSA,غيلاسة,
ons-2021,34,33,RABTA,الرابطة,
ons-2021,34,34,HARAZA,حرازة,
ons-2021,35,01,BOUMERDES,بومرداس,eye
ons-2021,35,02,BOUDOUAOU,بودواو,
ons-2021,35,04,AFIR,أعفير,eye
ons-2021,35,05,BORDJ MENAIEL,برج منايل,
ons-2021,35,06,BAGHLIA,بغلية,
ons-2021,35,07,SIDI DAOUD,سيدي داود,
ons-2021,35,08,NACIRIA,الناصرية,
ons-2021,35,09,DJINET,جنات,
ons-2021,35,10,ISSER,يسر,
ons-2021,35,11,ZEMMOURI,زموري,eye
ons-2021,35,12,SI MUSTAPHA,سي مصطفى,eye
ons-2021,35,13,TIDJELABINE,تيجلابين,eye
ons-2021,35,14,CHAABET EL AMEUR,شعبة العامر,
ons-2021,35,15,THENIA,الثنية,
ons-2021,35,18,TIMEZRIT,تمزريت,
ons-2021,35,19,CORSO,قورصو,eye
ons-2021,35,20,OULED MOUSSA,أولاد موسى,
ons-2021,35,21,LARBATACHE,الأربعطاش,
ons-2021,35,22,BOUZEGZA KEDDARA,بوزقزة قدارة,eye
ons-2021,35,25,TAOURGA,تاورقة,
ons-2021,35,26,OULED AISSA,أولاد عيسى,
ons-2021,35,27,BENCHOUD,بن شود,
ons-2021,35,28,DELLYS,دلس,
ons-2021,35,29,AMMAL,عمال,
ons-2021,35,30,BENI AMRANE,بنى عمران,
ons-2021,35,31,SOUK EL HAD,سوق الحد,
ons-2021,35,32,BOUDOUAOU EL BAHRI,بودواو البحرى,eye
ons-2021,35,33,OULED HEDADJ,أولاد هداج,
ons-2021,35,35,LAGHATA,لقاطة,
ons-2021,35,36,HAMMADI,حمادى,
ons-2021,35,37,KHEMIS EL KHECHNA,خميس الخشنة,
ons-2021,35,38,EL KHARROUBA,الخروبة,
ons-2021,36,01,EL TARF,الطارف,
ons-2021,36,02,BOUHADJAR,بوحجار,
ons-2021,36,03,BEN M'HIDI,بن مهيدى,
ons-2021,36,04,BOUGOUS,بوقوس,
ons-2021,36,05,EL KALA,القالة,
ons-2021,36,06,AIN EL ASSEL,عين العسل,
ons-2021,36,07,EL AIOUN,العيون,
ons-2021,36,08,BOUTELDJA,بوثلجة,
ons-2021,36,09,SOUAREKH,السوارخ,
ons-2021,36,10,BERRIHANE,بريحان,eye
ons-2021,36,11,LAC DES OISEAUX,بحيرة الطيور,
ons-2021,36,12,CHEFFIA,الشافية,
ons-2021,36,13,DREAN,الذرعان,
ons-2021,36,14,CHIHANI,شحانى,eye
ons-2021,36,15,CHEBAITA MOKHTAR,شبيطة مختار,
ons-2021,36,16,BESBES,البسباس,
ons-2021,36,17,ASFOUR,عصفور,
ons-2021,36,18,ECHATT,الشط,
ons-2021,36,19,ZERIZER,زريزر,
ons-2021,36,20,ZITOUNA,الزيتونة,
ons-2021,36,21,AIN KERMA,عين الكرمة,
ons-2021,36,22,OUED ZITOUN,وادى الزيتون,
ons-2021,36,23,HAMMAM BENI SALAH,حمام بنى صالح,
ons-2021,36,24,RAML SOUK,رمل السوق,eye
ons-2021,37,01,TINDOUF,تندوف,
ons-2021,37,02,OUM EL ASSEL,أم العسل,
ons-2021,38,01,TISSEMSSILT,تيسمسيلت,
ons-2021,38,02,BORDJ BOU NAAMA,برج بونعامة,
ons-2021,38,03,THENIET EL HAD,ثنية الاحد,
ons-2021,38,04,LAZHARIA,الازهرية,
ons-2021,38,05,BENI CHAIB,بنى شعيب,
ons-2021,38,06,LARDJEM,لرجام,
ons-2021,38,07,MELAAB,ملعب,
ons-2021,38,08,SIDI LANTRI,سيدي العنترى,
ons-2021,38,09,BORDJ EMIR AEK,برج الامير عبد القادر,eye
ons-2021,38,10,LAAYOUNE,العيون,
ons-2021,38,11,KHEMISTI,خميستى,
ons-2021,38,12,OULED BESSEM,أولاد بسام,
ons-2021,38,13,AMMARI,عمارى,
ons-2021,38,14,YOUSSOUFIA,اليوسفية,
ons-2021,38,15,SIDI BOUTOUCHENT,سيدي بوتوشنت,
ons-2021,38,16,LARBAA,الاربعاء,
ons-2021,38,17,MAACEM,المعاصم,
ons-2021,38,18,SIDI ABED,سيدي عابد,
ons-2021,38,19,TAMELLAHT,تملاحت,eye
ons-2021,38,20,SIDI SLIMANE,سيدي سليمان,
ons-2021,38,21,BOUCAID,بوقايد,
ons-2021,38,22,BENI LAHCENE,بنى لحسن,
ons-2021,39,01,EL OUED,الوادى,
ons-2021,39,02,ROBBAH,رباح,eye
ons-2021,39,03,OUED EL ALENDA,وادى العلندة,
ons-2021,39,04,BAYADHA,البياضة,
ons-2021,39,05,NAKHLA,النخلة,
ons-2021,39,06,GUEMAR,قمار,
ons-2021,39,07,KOUININE,كوينين,
ons-2021,39,08,REGUIBA,الرقيبة,
ons-2021,39,09,HAMRAIA,حمراية,
ons-2021,39,10,TAGHZOUT,تاغزوت,
ons-2021,39,11,DEBILA,الدبيلة,
ons-2021,39,12,HASSANI ABDELKRIM,حسانى عبد الكريم,
ons-2021,39,13,HASSI KHELIFA,حاسى خليفة,
ons-2021,39,14,TALEB LARBI,طالب العربي,eye
ons-2021,39,15,DOUAR EL MA,دوار الماء,
ons-2021,39,16,SIDI AOUN,سيدي عون,
ons-2021,39,17,TRIFAOUI,الطريفاوى,
ons-2021,39,18,MAGRANE,المقرن,
ons-2021,39,19,BEN GHECHA,بني قشة,eye
ons-2021,39,20,OURMAS,ورماس,
ons-2021,39,25,EL OGLA,العقلة,
ons-2021,39,26,MIH OUENSA,ميه ونسى,
ons-2021,40,01,KHENCHELA,خنشلة,
ons-2021,40,02,M'TOUSSA,متوسة,
ons-2021,40,03,KAIS,قايس,
ons-2021,40,04,BAGHAI,بغاى,
ons-2021,40,05,EL HAMMA,الحامة,
ons-2021,40,06,AIN TOUILA,عين الطويلة,
ons-2021,40,07,TAOUZIANET,تاوزيانت,
ons-2021,40,08,BOUHMAMA,بوحمامة,
ons-2021,40,09,EL OUELDJA,الولجة,
ons-2021,40,10,REMILA,الرميلة,
ons-2021,40,11,CHECHAR,ششار,
ons-2021,40,12,DJELLAL,جلال,
ons-2021,40,13,BABAR,بابار,
ons-2021,40,14,TAMSA,طامزة,
ons-2021,40,15,ENSIGHA,انسيغة,
ons-2021,40,16,OULED RECHACHE,أولاد رشاش,
ons-2021,40,17,EL MAHMEL,المحمل,
ons-2021,40,18,EL MSARA,مصارة,
ons-2021,40,19,YABOUS,يابوس,
ons-2021,40,20,KHIRANE,خيران,
ons-2021,40,21,CHELIA,شلية,
ons-2021,41,01,SOUK AHRAS,سوق أهراس,
ons-2021,41,02,SEDRATA,سدراتة,
ons-2021,41,03,HANANCHA,الحنانشة,
ons-2021,41,04,MECHROHA,المشروحة,eye
ons-2021,41,05,OULED DRISS,أولاد ادريس,
ons-2021,41,06,TIFFECH,تيفاش,
ons-2021,41,07,ZAAROURIA,الزعرورية,
ons-2021,41,08,TAOURA,تاورة,
ons-2021,41,09,DREA,الدريعة,
ons-2021,41,10,HADDADA,الحدادة,
ons-2021,41,11,KHEDDARA,الخضارة,eye
ons-2021,41,12,MERAHNA,المراهنة,eye
ons-2021,41,13,OULED MOUMEN,أولاد مومن,
ons-2021,41,14,BIR BOUHOUCHE,بئر بوحوش,
ons-2021,41,15,M'DAOUROUCH,مداوروش,
ons-2021,41,16,OUM EL ADHAIM,أم العظايم,
ons-2021,41,17,AIN ZANA,عين الزانة,
ons-2021,41,18,AIN SOLTANE,عين سلطان,
ons-2021,41,19,OUILLEN,ويلان,
ons-2021,41,20,SIDI FREDJ,سيدي فرج,
ons-2021,41,21,SAFEL EL OUIDEN,سافل الويدان,
ons-2021,41,22,RAGOUBA,الراقوبة,eye
ons-2021,41,23,KHEMISSA,خميسة,
ons-2021,41,24,OUED KEBRIT,وادى الكبريت,
ons-2021,41,25,TERRAGUELT,ترقالت,
ons-2021,41,26,ZOUABI,الزوابى,
ons-2021,42,01,TIPAZA,تيبازة,
ons-2021,42,02,MENACEUR,مناصر,
ons-2021,42,03,LARHAT,الأرهاط,
ons-2021,42,04,DOUAOUDA,دواودة,
ons-2021,42,05,BOURKIKA,بورقيقة,
ons-2021,42,06,KHEMISTI,خميستي,
ons-2021,42,10,AGHBAL,أغبال,
ons-2021,42,12,HADJOUT,حجوط,
ons-2021,42,13,SIDI AMAR,سيدي عامر,
ons-2021,42,14,GOURAYA,قوراية,
ons-2021,42,15,NADOR,الناظور,
ons-2021,42,16,CHAIBA,الشعيبة,
ons-2021,42,17,AIN TAGOURAIT,عين تاقورايت,
ons-2021,42,22,CHERCHELL,شرشال,
ons-2021,42,23,DAMOUS,الداموس,
ons-2021,42,24,MERAD,مراد,
ons-2021,42,25,FOUKA,فوكة,
ons-2021,42,26,BOU ISMAIL,بواسماعيل,
ons-2021,42,27,AHMER EL AIN,أحمر العين,
ons-2021,42,30,BOUHAROUN,بوهارون,
ons-2021,42,32,SIDI GHILES,سيدي غيلاس,
ons-2021,42,33,MESSELMOUN,مسلمون,
ons-2021,42,34,SIDI RACHED,سيدي راشد,
ons-2021,42,35,KOLEA,القليعة,
ons-2021,42,36,ATTATBA,الحطاطبة,
ons-2021,42,40,SIDI SEMIANE,سيدي سميان,
ons-2021,42,41,BENI MILLEUK,بني ميلك,eye
ons-2021,42,42,HADJRET ENNOUS,حجرة النص,
ons-2021,43,01,MILA,ميلة,
ons-2021,43,02,FERDJIOUA,فرجيوة,
ons-2021,43,03,CHELGHOUM LAID,شلغوم العيد,
ons-2021,43,04,OUED ATHMANIA,وادي العثمانية,
ons-2021,43,05,AIN MELOUK,عين الملوك,eye
ons-2021,43,06,TELERGHMA,التلاغمة,
ons-2021,43,07,OUED SEGUEN,وادى سقان,
ons-2021,43,08,TADJENANET,تاجنانت,
ons-2021,43,09,BENYAHIA ABDERRAHMANE,بن يحي .ع. رحمان,eye
ons-2021,43,10,OUED ENDJA,وادى النجاء,
ons-2021,43,11,AHMED RACHEDI,أحمد راشدي,
ons-2021,43,12,OULED KHELOUF,أولاد اخلوف,
ons-2021,43,13,TIBERGUENT,تيبرقنت,eye
ons-2021,43,14,BOUHATEM,بوحاتم,
ons-2021,43,15,ROUACHED,الرواشد,
ons-2021,43,16,TESSALA LEMTAI,تسالة لمطاعي,eye
ons-2021,43,17,GRAREM GOUGA,القرارم قوقة,eye
ons-2021,43,18,SIDI MEROUANE,سيدي مروان,
ons-2021,43,19,TASSADANE HADDADA,تسدان حدادة,
ons-2021,43,20,DERADJI BOUSSELAH,دراجى بوصلاح,
ons-2021,43,21,MINAR ZARZA,مينار زارزة,eye
ons-2021,43,22,AMIRA ARRAS,اعميرة اراس,eye
ons-2021,43,23,TERRAI BAINEN,ترعى باينان,eye
ons-2021,43,24,HAMALA,حمالة,
ons-2021,43,25,AIN TINN,عين التين,
ons-2021,43,26,EL MECHIRA,المشيرة,
ons-2021,43,27,SIDI KHELIFA,سيدي خليفة,
ons-2021,43,28,ZEGHAIA,زغاية,
ons-2021,43,29,EL AYADI BARBES,العياضى برباس,
ons-2021,43,30,AIN BEIDA HARRICHE,عين البيضاء احريش,eye
ons-2021,43,31,YAHIA BENI GUECHA,يحيى بنى قشة,
ons-2021,43,32,CHIGARA,الشيقارة,
ons-2021,44,01,AIN DEFLA,عين الدفلى,
ons-2021,44,02,MILIANA,مليانة,
ons-2021,44,03,BOUMEDFAA,بومدفع,
ons-2021,44,04,KHEMIS MILIANA,خميس مليانة,
ons-2021,44,05,HAMMAM RIGHA,حمام ريغة,
ons-2021,44,06,ARIB,عريب,
ons-2021,44,07,DJELIDA,جليدة,
ons-2021,44,08,EL AMRA,العامرة,
ons-2021,44,09,BOURACHED,بوراشد,
ons-2021,44,10,EL ATTAF,العطاف,
ons-2021,44,11,EL ABADIA,العبادية,
ons-2021,44,12,DJENDEL,جندل,
ons-2021,44,13,OUED CHEURFA,وادى الشرفاء,
ons-2021,44,14,AIN LECHIAKH,عين الاشياخ,
ons-2021,44,15,OUED DJEMAA,واد الجمعة,eye
ons-2021,44,16,ROUINA,الروينة,
ons-2021,44,17,ZEDDINE,زدين,
ons-2021,44,18,EL HASSANIA,الحسانية,
ons-2021,44,19,BIR OULED KHELIFA,بئر أولاد خليفة,
ons-2021,44,20,AIN SOLTANE,عين السلطان,
ons-2021,44,21,TARIK IBN ZIAD,طارق بن زياد,
ons-2021,44,22,BORDJ EMIR KHALED,برج الأمير خالد,eye
ons-2021,44,23,AIN TORKI,عين التركى,
ons-2021,44,24,SIDI LAKHDAR,سيدي الاخضر,
ons-2021,44,25,BEN ALLEL,بن علال,
ons-2021,44,26,AIN BENIAN,عين البنيان,
ons-2021,44,27,HOCEINIA,الحسينية,
ons-2021,44,28,BARBOUCHE,بربوش,
ons-2021,44,29,DJEMAA OULED CHEIKH,جمعة أولاد الشيخ,
ons-2021,44,30,MEKHATRIA,المخاطرية,
ons-2021,44,31,BATHIA,بطحية,
ons-2021,44,32,TACHETA ZEGAGHA,تاشتة زقاغة,
ons-2021,44,33,AIN BOUYAHIA,عين بويحى,
ons-2021,44,34,EL MAINE,الماين,
ons-2021,44,35,TIBERKANINE,تبركانين,
ons-2021,44,36,BELAAS,بلعاص,eye
ons-2021,45,01,NAAMA,النعامة,
ons-2021,45,02,MECHERIA,مشرية,
ons-2021,45,03,AIN SEFRA,عين الصفراء,
ons-2021,45,04,TIOUT,تيوت,
ons-2021,45,05,SFISSIFA,سفيسيفة,
ons-2021,45,06,MOGHRAR,مغرار,
ons-2021,45,07,ASSELA,عسلة,
ons-2021,45,08,DJENIEN BOURZEG,جنين بورزق,
ons-2021,45,09,AIN BEN KHELIL,عين بن خليل,
ons-2021,45,10,MEKMEN BEN AMAR,مكمن بن عمار,eye
ons-2021,45,11,KASDIR,القصدير,
ons-2021,45,12,EL BIODH,البيوض,
ons-2021,46,01,AIN TEMOUCHENT,عين تموشنت,
ons-2021,46,02,CHAABET EL HAM,شعبة اللحم,
ons-2021,46,03,AIN KIHAL,عين الكيحل,
ons-2021,46,04,HAMMAM BOUHADJAR,حمام بو حجر,
ons-2021,46,05,BOUZEDJAR,بوزجار,
ons-2021,46,06,OUED BERKECHE,وادى برقش,
ons-2021,46,07,AGHLAL,أغلال,
ons-2021,46,08,TERGA,تارقة,
ons-2021,46,09,AIN EL ARBAA,عين الاربعاء,
ons-2021,46,10,TAMZOURA,تامزورة,
ons-2021,46,11,CHENTOUF,شنتوف,
ons-2021,46,12,SIDI BEN ADDA,سيدي بن عدة,
ons-2021,46,13,AOUBELLIL,عقب الليل,
ons-2021,46,14,EL MALAH,المالح,
ons-2021,46,15,SIDI BOUMEDIENE,سيدي بومدين,
ons-2021,46,16,OUED SEBBAH,وادى الصباح,
ons-2021,46,17,OULED BOUDJEMAA,أولاد بوجمعة,
ons-2021,46,18,AIN TOLBA,عين الطلبة,
ons-2021,46,19,EL AMRIA,العامرية,
ons-2021,46,20,HASSI EL GHELLA,حاسى الغلة,
ons-2021,46,21,HASSASSNA,الحساسنة,
ons-2021,46,22,OULED KIHAL,أولاد الكيحل,eye
ons-2021,46,23,BENI SAF,بني صاف,
ons-2021,46,24,SIDI SAFI,سيدي الصافي,
ons-2021,46,25,OULHACA GHERABA,ولهاصة الغرابة,
ons-2021,46,26,SIDI OURRACH,سيدي اورياش,
ons-2021,46,27,EMIR ABDELKADER,الأمير عبد القادر,
ons-2021,46,28,EL MESSAID,المساعيد,
ons-2021,47,01,GHARDAIA,غرداية,
ons-2021,47,03,DHAYET BEN DHAOUA,ضاية بن ضحوة,
ons-2021,47,04,BERRIANE,بريان,
ons-2021,47,05,METLILI,متليلي,
ons-2021,47,06,EL GUERRARA,القرارة,
ons-2021,47,07,EL ATTEUF,العطف,
ons-2021,47,08,ZELFANA,زلفانة,eye
ons-2021,47,09,SEBSEB,سبسب,
ons-2021,47,10,BOUNOURA,بونورة,
ons-2021,47,13,MANSOURA,المنصورة,
ons-2021,48,01,RELIZANE,غليزان,
ons-2021,48,02,OUED RHIOU,وادى رهيو,
ons-2021,48,03,BELAASSEL BOUZEGZA,بلعسل بوزقزة,
ons-2021,48,04,SIDI SAADA,سيدي سعادة,
ons-2021,48,05,OULED AICH,أولاد يعيش,
ons-2021,48,06,SIDI LAZREG,سيدي لزرق,
ons-2021,48,07,EL H'MADNA,الحمادنة,
ons-2021,48,08,SIDI M'HAMED BEN ALI,سيدي امحمد بن علي,
ons-2021,48,09,MEDIOUNA,مديونة,
ons-2021,48,10,SIDI KHETTAB,سيدي خطاب,
ons-2021,48,11,AMMI MOUSSA,عمي موسى,
ons-2021,48,12,ZEMMOURA,زمورة,
ons-2021,48,13,BENI DERGOUN,بني درقن,
ons-2021,48,14,DJIDIOUIA,جديوية,eye
ons-2021,48,15,EL GUETTAR,القطار,
ons-2021,48,16,EL HAMRI,الحمري,
ons-2021,48,17,EL MATMAR,المطمر,
ons-2021,48,18,SIDI M'HAMED BENAOUDA,سيدي محمد بن عودة,
ons-2021,48,19,AIN TAREK,عين طارق,
ons-2021,48,20,OUED ESSALEM,وادى السلام,
ons-2021,48,21,OUARIZANE,واريزان,eye
ons-2021,48,22,MAZOUNA,مازونة,
ons-2021,48,23,KALAA,القلعة,
ons-2021,48,24,AIN RAHMA,عين الرحمة,
ons-2021,48,25,YELLEL,يلل,
ons-2021,48,26,OUED EL DJEMAA,وادى الجمعة,
ons-2021,48,27,RAMKA,الرمكة,
ons-2021,48,28,MENDES,منداس,eye
ons-2021,48,29,LAHLEF,لحلاف,
ons-2021,48,30,BENI ZENTIS,بني زنطيس,eye
ons-2021,48,31,SOUK EL HAD,سوق الحد,
ons-2021,48,32,DAR BEN ABDELLAH,دار بن عبد الله,
ons-2021,48,33,EL HASSI,الحاسى,
ons-2021,48,34,HAD ECHKALLA,حد الشكالة,
ons-2021,48,35,BEN DAOUD,بن داود,
ons-2021,48,36,EL OULDJA,الولجة,
ons-2021,48,37,MERDJA SIDI ABED,مرجة سيدي عابد,
ons-2021,48,38,OULED SIDI MIHOUB,أولاد سيدي الميهوب,eye
ons-2021,49,01,TIMIMOUN,تيميمون,
ons-2021,49,02,CHAROUINE,شروين,
ons-2021,49,03,KSAR KADDOUR,قصر قدور,
ons-2021,49,04,OULED SAID,أولاد سعيد,eye
ons-2021,49,05,TINERKOUK,تينركوك,eye
ons-2021,49,06,DELDOUL,دلدول,
ons-2021,49,07,METARFA,المطارفة,
ons-2021,49,08,AOUGROUT,أوقروت,eye
ons-2021,49,09,TALMINE,طالمين,
ons-2021,49,10,OULED AISSA,أولاد عيسى,
ons-2021,50,01,BORDJ BADJI MOKHTAR,برج باجى مختار,
ons-2021,50,02,TIMIAOUINE,تيمياوين,
ons-2021,51,01,OULED DJELLAL,أولاد جلال,
ons-2021,51,02,RAS EL MIAAD,رأس الميعاد,eye
ons-2021,51,03,BESBES,البسباس,
ons-2021,51,04,SIDI KHALED,سيدي خالد,
ons-2021,51,05,DOUCEN,الدوسن,
ons-2021,51,06,CHAIBA,الشعيبة,
ons-2021,52,01,BENI ABBES,بنى عباس,
ons-2021,52,02,OULED KHODEIR,أولاد خضير,eye
ons-2021,52,03,TIMOUDI,تيمودى,
ons-2021,52,04,BENI IKHLEF,بنى يخلف,
ons-2021,52,05,IGLI,أقلى,eye
ons-2021,52,06,TABELBALA,تبلبلة,
ons-2021,52,07,EL OUATA,الوطاء,
ons-2021,52,08,KERZAZ,كرزاز,
ons-2021,52,09,KSABI,قصابى,
ons-2021,52,10,TAMTERT,تامترت,
ons-2021,53,01,IN SALAH,إن صالح,
ons-2021,53,02,IN GHAR,ان غار,
ons-2021,53,03,FOGGARET EZZAOUIA,فقارة الزاوية,eye
ons-2021,54,01,IN GUEZZAM,إن قزام,
ons-2021,54,02,TIN ZAOUATINE,تين زواتين,eye
ons-2021,55,01,TOUGGOURT,توقرت,
ons-2021,55,02,BLIDAT AMEUR,بليدة عامر,
ons-2021,55,03,TEBESBEST,تيبسبست,
ons-2021,55,04,NEZLA,نزلة,
ons-2021,55,05,ZAOUIA EL ABIDIA,الزاوية العابدية,
ons-2021,55,06,SIDI SLIMANE,سيدي سليمان,
ons-2021,55,07,EL HADJIRA,الحجيرة,
ons-2021,55,08,TAIBET,الطيبات,
ons-2021,55,09,TAMACINE,تماسين,
ons-2021,55,10,BENACEUR,بن ناصر,
ons-2021,55,11,M'NAGUAR,المنقر,
ons-2021,55,12,MEGARINE,المقارين,
ons-2021,55,13,EL ALLIA,العالية,
ons-2021,56,01,DJANET,جانت,
ons-2021,56,02,BORDJ EL HAOUASSE,برج الحواس,
ons-2021,57,01,EL MEGAIER,المغير,
ons-2021,57,02,STILL,سطيل,
ons-2021,57,03,M'RARA,مرارة,
ons-2021,57,04,SIDI KHELIL,سيدي خليل,
ons-2021,57,05,TENDLA,تندلة,
ons-2021,57,06,DJAMAA,جامعة,
ons-2021,57,07,OUM TOUYOUR,أم الطيور,
ons-2021,57,08,SIDI AMRANE,سيدي عمران,
ons-2021,58,01,EL MENIAA,المنيعة,
ons-2021,58,02,HASSI FEHAL,حاسي الفحل,eye
ons-2021,58,03,HASSI EL GARA,حاسي القارة,eye
