text,article,item,name_fr,name_ar,check
ordinance-97-14,2,1,Aïn Taya,عين طاية,
ordinance-97-14,2,2,Bordj-El-Bahri,برج البحري,eye
ordinance-97-14,2,3,El Marsa,المرسى,
ordinance-97-14,2,4,Heraoua,هراوة,eye
ordinance-97-14,2,5,Rouiba,الرويبة,eye
ordinance-97-14,2,6,Réghaïa,الرغاية,eye
ordinance-97-14,3,1,Aïn Bénian,عين البنيان,eye
ordinance-97-14,3,2,Staouéli,سطاوالي,eye
ordinance-97-14,3,3,Zéralda,زرالدة,
ordinance-97-14,3,4,Mâalma,معالمة,eye
ordinance-97-14,3,5,Rahmania,الرحمانية,
ordinance-97-14,3,6,Souidania,السويدانية,
ordinance-97-14,3,7,Chéraga,الشراقة,
ordinance-97-14,3,8,Ouled Fayet,أولاد فايت,
ordinance-97-14,3,9,El Achour,العاشور,eye
ordinance-97-14,3,10,Draria,الدرارية,eye
ordinance-97-14,3,11,Douéra,الدويرة,eye
ordinance-97-14,3,12,Baba Hassen,بابا حسن,eye
ordinance-97-14,3,13,Khraïcia,خرايسية,eye
ordinance-97-14,3,14,Saoula,السحاولة,
ordinance-97-14,4,1,Birtouta,بئر توتة,eye
ordinance-97-14,4,2,Tessala-El-Merdja,تسالة المرجة,eye
ordinance-97-14,4,3,Ouled Chebel,أولاد شبل,
ordinance-97-14,4,4,Sidi Moussa,سيدي موسى,
