text,article,item,name_fr,seat_fr,name_ar,seat_ar,check
presidential-decree-26-206,1,59,Aflou,Aflou,أفلو,أفلو,
presidential-decree-26-206,1,60,Barika,Barika,بريكة,بريكة,
presidential-decree-26-206,1,61,El Kantara,El Kantara,القنطرة,القنطرة,
presidential-decree-26-206,1,62,Bir El Ater,Bir El Ater,بئر العاتر,بئر العاتر,eye
presidential-decree-26-206,1,63,El Aricha,El Aricha,العريشة,العريشة,eye
presidential-decree-26-206,1,64,Ksar Chellala,Ksar Chellala,قصر الشلالة,قصر الشلالة,eye
presidential-decree-26-206,1,65,Aïn Ouessara,Aïn Ouessara,عين وسارة,عين وسارة,eye
presidential-decree-26-206,1,66,Messaad,Messaad,مسعد,مسعد,eye
presidential-decree-26-206,1,67,Ksar El Boukhari,Ksar El Boukhari,قصر البخاري,قصر البخاري,eye
presidential-decree-26-206,1,68,Bou Saâda,Bou Saâda,بوسعادة,بوسعادة,eye
presidential-decree-26-206,1,69,El Abiodh Sidi Cheikh,El Abiodh Sidi Cheikh,الأبيض سيدي الشيخ,الأبيض سيدي الشيخ,eye
