kind,code,lang,name,texts
wilaya,16,en,Algiers,
daira,0207,fr,BENI HAOUA,executive-decree-91-306
daira,0210,fr,OULED FARES,executive-decree-91-306
daira,0319,ar,آفلو,executive-decree-26-253
daira,0402,fr,AIN BEIDA,executive-decree-91-306
daira,0403,fr,AIN M’LILA,executive-decree-91-306
daira,0408,fr,AIN BABOUCHE,executive-decree-91-306
daira,0545,fr,Ain Touta,executive-decree-26-253
daira,0601,fr,BEDJIA,executive-decree-91-306
daira,0636,fr,IFRI OUZELLAGUENE,executive-decree-91-306
daira,0639,fr,SIDI AICH,executive-decree-91-306
daira,0650,fr,BENI MAOUCHE,executive-decree-91-306
daira,0916,fr,MOUZAIA,executive-decree-91-306
daira,1035,fr,AIN BESSEM,executive-decree-91-306
daira,1038,fr,SOUR EL-GHOZLANE,executive-decree-91-306
daira,1102,ar,سيلات أباليسا,executive-decree-21-198
daira,1102,fr,Silet Abalessa,executive-decree-21-198
daira,1501,ar,تيزي وزو,executive-decree-91-306
daira,1502,fr,AIN EL HAMMAM,executive-decree-91-306
daira,1517,fr,IFERHOUNENE,executive-decree-91-306
daira,1532,fr,BENI DOUALA,executive-decree-91-306
daira,1534,fr,BOUZEGUENE,executive-decree-91-306
daira,1552,fr,BENNI YENNI,executive-decree-91-306
daira,1730,ar,عين الابل,executive-decree-26-253
daira,1810,ar,سيدى معروف,executive-decree-91-306
daira,1901,fr,SETIF,executive-decree-91-306
daira,1902,fr,AIN EL KEBIRA,executive-decree-91-306
daira,1903,ar,بني عزيز,executive-decree-91-306
daira,1917,fr,GUIDJEL,executive-decree-91-306
daira,1922,ar,بني ورتيلان,executive-decree-91-306
daira,1926,fr,AIN ARNAT,executive-decree-91-306
daira,1928,fr,AIN OULMENE,executive-decree-91-306
daira,1939,ar,صالح باي,executive-decree-91-306
daira,1940,fr,AIN AZEL,executive-decree-91-306
daira,1941,fr,GUENZET,executive-decree-91-306
daira,2001,fr,SAIDA,executive-decree-91-306
daira,2003,fr,AIN EL HADJAR,executive-decree-91-306
daira,2009,ar,سيدي بوبكر,executive-decree-91-306
daira,2113,fr,OULED ATTIA,executive-decree-91-306
daira,2127,fr,AIN KECHERA,executive-decree-91-306
daira,2204,fr,MOSTEFA BEN BRAHIM,executive-decree-91-306
daira,2214,fr,SIDI LAHCENE,executive-decree-91-306
daira,2228,fr,AIN EL BERD,executive-decree-91-306
daira,2309,fr,AIN EL BERDA,executive-decree-91-306
daira,2310,fr,CHETAIBI,executive-decree-91-306
daira,2413,fr,AIN MAKHLOUF,executive-decree-91-306
daira,2427,ar,عين الحساينية,executive-decree-91-306
daira,2427,fr,AIN HSAINIA,executive-decree-91-306
daira,2507,fr,AIN ABID,executive-decree-91-306
daira,2705,fr,AIN NOUICY,executive-decree-91-306
daira,2707,fr,AIN TEDELES,executive-decree-91-306
daira,2716,ar,سيدي الأخضر,executive-decree-91-306
daira,2918,fr,AIN FEKKAN,executive-decree-91-306
daira,2924,fr,AIN FARES,executive-decree-91-306
daira,3109,fr,AIN TURK,executive-decree-91-306
daira,3401,fr,BORDJ BOU ARRERIDJ,executive-decree-91-306
daira,3505,fr,Bourdj Menaiel,executive-decree-92-66
daira,3804,ar,الأزهرية,executive-decree-91-306
daira,3806,ar,الأرجم,executive-decree-91-306
daira,3809,ar,برج الأمير عبد القادر,executive-decree-91-306
daira,4003,fr,KAIS,executive-decree-91-306
daira,4006,fr,AIN TOUILA,executive-decree-91-306
daira,4016,ar,اولاد رشاش,executive-decree-91-306
daira,4102,ar,سدراته,executive-decree-91-306
daira,4105,ar,أولاد أدريس,executive-decree-91-306
daira,4226,fr,BOU ISMAIL,executive-decree-91-306
daira,4227,ar,أحمر العين,executive-decree-91-306
daira,4227,fr,AHMAR EL AIN,executive-decree-91-306
daira,4235,fr,KOLEA,executive-decree-91-306
daira,4303,fr,CHELGHOUM LAID,executive-decree-91-306
daira,4323,fr,TERRAI BAINEM,executive-decree-91-306
daira,4330,fr,AIN BEIDA HARRICHE,executive-decree-91-306
daira,4401,fr,AIN DEFLA,executive-decree-91-306
daira,4414,fr,AIN LECHIAKH,executive-decree-91-306
daira,4503,fr,AIN SEFRA,executive-decree-91-306
daira,4601,fr,AIN TEMOUCHENT,executive-decree-91-306
daira,4603,ar,عين الكحيل,executive-decree-91-306
daira,4603,fr,AIN KIHEL,executive-decree-91-306
daira,4609,fr,AIN LARBAA,executive-decree-91-306
daira,4614,fr,EL MALAH,executive-decree-91-306
daira,4811,ar,عين موسى,executive-decree-91-306
daira,4819,fr,AIN TAREK,executive-decree-91-306
commune,0102,ar,تامست,executive-decree-91-306
commune,0102,fr,Tamest,executive-decree-91-306 law-19-12 ons-2021
commune,0105,ar,ان زغمير,ons-2021
commune,0105,fr,In Zeghmir,executive-decree-91-306 ons-2021
commune,0111,ar,زاوية كنته,ons-2021
commune,0111,fr,Zaouiat Kounta,executive-decree-91-306
commune,0113,fr,TIMOKTEN,ons-2021
commune,0115,fr,Fenoughil,executive-decree-91-306 ons-2021
commune,0118,ar,سالى,ons-2021
commune,0119,ar,أقبلى,ons-2021
commune,0119,ar,اقبلي,executive-decree-91-306
commune,0121,ar,أولاد أحمد تيمى,ons-2021
commune,0126,fr,Sbaa,executive-decree-91-306
commune,0126,fr,Sebaa,law-19-12 ons-2021
commune,0202,fr,TENES,ons-2021
commune,0203,ar,بنايرية,ons-2021
commune,0203,fr,BENAIRIA,ons-2021
commune,0207,ar,بنى حواء,ons-2021
commune,0207,fr,BENI HAOUA,ons-2021
commune,0209,fr,HARCHOUN,ons-2021
commune,0210,fr,OULED FARES,ons-2021
commune,0211,ar,سيدى عكاشة,ons-2021
commune,0211,fr,SIDI AKKACHA,ons-2021
commune,0213,ar,بنى راشد,ons-2021
commune,0213,fr,BENI RACHED,ons-2021
commune,0215,ar,الهرانفة,ons-2021
commune,0216,ar,وادى قوسين,ons-2021
commune,0218,fr,OULED ABBES,ons-2021
commune,0219,ar,سنجاس,ons-2021
commune,0221,ar,وادى سلى,ons-2021
commune,0222,fr,ABOU EL HASSEN,ons-2021
commune,0225,ar,سيدي عبد الرحمان,ons-2021
commune,0226,fr,MOUSSADEK,ons-2021
commune,0226,fr,Moussedek,executive-decree-91-306
commune,0228,ar,الابيض مجاجة,ons-2021
commune,0228,fr,LABIOD MEDJADJA,ons-2021
commune,0229,ar,وادى الفضة,ons-2021
commune,0230,fr,OULED BEN.AEK,ons-2021
commune,0231,fr,BOUZGHAIA,ons-2021
commune,0233,ar,أم الذروع,ons-2021
commune,0233,fr,OUM EL DROU,ons-2021
commune,0235,ar,بنى بوعتاب,ons-2021
commune,0235,fr,BENI BOUATTAB,ons-2021
commune,0303,fr,BENACER BEN CHOHRA,ons-2021
commune,0305,ar,حاسى الدلاعة,ons-2021
commune,0305,fr,HASSI DALAA,ons-2021
commune,0306,ar,حاسى الرمل,ons-2021
commune,0307,fr,AIN MAHDI,ons-2021
commune,0311,ar,عين سيدي على,ons-2021
commune,0311,fr,AIN SIDI ALI,ons-2021
commune,0312,ar,بيضاء,executive-decree-91-306
commune,0312,fr,Beidha,executive-decree-91-306 ons-2021
commune,0315,ar,الحاج مشري,executive-decree-91-306
commune,0315,ar,حاج مشري,ons-2021
commune,0315,fr,Hadj Mecheri,executive-decree-91-306 ons-2021
commune,0318,fr,TAJROUNA,ons-2021
commune,0318,fr,Tadjerouna,executive-decree-91-306
commune,0319,ar,آفلو,executive-decree-91-306 ons-2021 law-26-06
commune,0320,ar,العسفية,executive-decree-91-306
commune,0321,ar,واد مرة,ons-2021
commune,0322,ar,واد مزي,ons-2021
commune,0322,fr,OUED M' ZI,ons-2021
commune,0323,fr,El Houita,executive-decree-91-306 ons-2021
commune,0401,fr,OUM BOUAGHI,ons-2021
commune,0402,fr,AIN BEIDA,ons-2021
commune,0403,fr,AIN M'LILA,ons-2021
commune,0404,ar,بحير الشرقي,ons-2021
commune,0407,fr,EL BELALA,ons-2021
commune,0408,ar,عين ببوش,ons-2021
commune,0408,fr,AIN BABOUCHE,ons-2021
commune,0412,fr,AIN KERCHA,ons-2021
commune,0413,ar,هنشير تومغانى,ons-2021
commune,0413,fr,Hanchir Toumghani,executive-decree-91-306
commune,0414,fr,EL DJAZIA,ons-2021
commune,0415,fr,AIN DISS,ons-2021
commune,0419,ar,الفجوج بوغرارة سعودى,ons-2021
commune,0419,ar,الفجوج بوغرارة سعودي,executive-decree-91-306
commune,0419,fr,EL FEDJOUDJ BOUGHARA SAOUDI,ons-2021
commune,0419,fr,El Fedjoudj Boughrara Saoudi,executive-decree-91-306
commune,0420,ar,أولاد زواى,ons-2021
commune,0420,fr,OULED ZOUAI,ons-2021
commune,0422,ar,قصر الصباحى,ons-2021
commune,0423,ar,وادى نينى,ons-2021
commune,0425,ar,عين فكرون,ons-2021
commune,0425,fr,AIN FAKROUN,ons-2021
commune,0425,fr,Aïn Fakroun,executive-decree-91-306
commune,0426,ar,الرحية,ons-2021
commune,0427,fr,AIN ZITOUN,ons-2021
commune,0507,fr,El Madher,executive-decree-91-306 ons-2021
commune,0510,ar,قيقبة,executive-decree-91-306
commune,0511,ar,إنوغيسن,executive-decree-91-306
commune,0511,ar,اينوغيسن,ons-2021
commune,0511,fr,Inoughissen,executive-decree-91-306
commune,0512,ar,عيون العصا فير,ons-2021
commune,0512,fr,Ouyoun El-Assafir,executive-decree-91-306
commune,0515,ar,المتكوك,executive-decree-91-306
commune,0515,ar,عزيل عبد القادر,ons-2021
commune,0515,fr,AZIL ABDELKADER,ons-2021
commune,0515,fr,Metkaouek,executive-decree-91-306
commune,0516,ar,أريس,executive-decree-91-306 ons-2021
commune,0517,fr,Kimel,executive-decree-91-306
commune,0519,fr,AIN DJASSER,ons-2021 law-26-06
commune,0519,fr,Aïn Djassar,executive-decree-91-306
commune,0520,fr,OULED SELLAM,ons-2021
commune,0521,ar,تغرغار,executive-decree-91-306 ons-2021
commune,0522,fr,AIN YAGOUT,ons-2021 law-26-06
commune,0526,ar,تغانمين,executive-decree-91-306 ons-2021
commune,0528,ar,قصر بلازمة,ons-2021
commune,0530,ar,إشمول,executive-decree-91-306 ons-2021
commune,0530,fr,ICHEMOUL,ons-2021
commune,0532,ar,بنى فضالة الحقانية,ons-2021
commune,0532,fr,BENI FOUDHALA EL HAKANIA,ons-2021
commune,0532,fr,Béni Fedhala El Hakania,law-26-06
commune,0532,fr,Béni Foudala El Hakania,executive-decree-91-306
commune,0533,ar,وادى الماء,ons-2021
commune,0534,ar,تالغمت,executive-decree-91-306
commune,0536,ar,شمرة,executive-decree-91-306 ons-2021
commune,0537,ar,وادى الشعبة,ons-2021
commune,0539,ar,الڤشة,executive-decree-91-306
commune,0539,fr,Guecha,executive-decree-91-306
commune,0544,fr,Tkout,executive-decree-91-306
commune,0545,fr,AIN TOUTA,ons-2021
commune,0547,fr,Theniet El Abed,executive-decree-91-306
commune,0548,ar,وادى الطاقة,ons-2021
commune,0548,ar,وادي التاقة,executive-decree-91-306
commune,0549,fr,Ouled Fadhel,executive-decree-91-306 ons-2021
commune,0551,fr,Ras El Aioun,executive-decree-91-306 ons-2021
commune,0553,ar,أولاد سى سليمان,ons-2021
commune,0554,fr,ZANAT EL BEIDA,ons-2021
commune,0554,fr,Zana El Beida,executive-decree-91-306
commune,0555,ar,إمدوكل,ons-2021
commune,0555,ar,مدوكل,executive-decree-91-306
commune,0555,fr,AMDOUKEL,ons-2021
commune,0555,fr,M’Doukel,executive-decree-91-306
commune,0557,ar,الحاسى,ons-2021
commune,0560,ar,بو الحيلات,executive-decree-91-306
commune,0560,fr,Boulhilet,executive-decree-91-306 ons-2021
commune,0561,ar,لرباع,executive-decree-91-306
commune,0601,fr,BEJAIA,ons-2021
commune,0603,fr,FERAOUN,ons-2021
commune,0604,ar,تاوريرت إغيل,ons-2021
commune,0607,fr,TIMEZRIT,ons-2021
commune,0610,ar,تينبدار,ons-2021
commune,0610,fr,TINEBDAR,ons-2021
commune,0612,fr,SEMAOUN,ons-2021
commune,0615,ar,إغرم,ons-2021
commune,0618,ar,إفلاين إلماثن,ons-2021
commune,0618,fr,IFELAIN ILMATHEN,ons-2021
commune,0623,fr,BENI DJELLIL,ons-2021
commune,0624,ar,أدكار,ons-2021
commune,0625,ar,أقبو,ons-2021
commune,0628,fr,AIT R’ZINE,ons-2021
commune,0633,ar,ثالة حمزة,ons-2021
commune,0635,ar,بنى كسيلة,ons-2021
commune,0635,fr,BENI KSILA,ons-2021
commune,0636,fr,OUZELLAGUEN,ons-2021
commune,0638,ar,بنى مليكش,ons-2021
commune,0638,fr,BENI MELIKECHE,ons-2021
commune,0639,fr,SIDI AICH,ons-2021
commune,0641,ar,مالبو,ons-2021
commune,0643,ar,لفلاى,ons-2021
commune,0643,fr,LEFLAY,ons-2021
commune,0645,fr,DRAA EL KAID,ons-2021
commune,0647,ar,آيت اسماعيل,ons-2021
commune,0647,fr,AIT SMAIL,ons-2021
commune,0648,fr,BOUKHLIFA,ons-2021
commune,0649,ar,تيزى نبربر,ons-2021
commune,0650,ar,بنى معوش,ons-2021
commune,0650,fr,BENI MAOUCHE,ons-2021
commune,0651,ar,وادى غير,ons-2021
commune,0702,fr,Oumach,law-19-12 executive-decree-21-198 ons-2021
commune,0703,ar,البرانس,executive-decree-91-306 law-19-12 executive-decree-21-198
commune,0712,fr,M'CHOUNECHE,ons-2021
commune,0712,fr,Mechounèche,executive-decree-91-306
commune,0714,fr,AIN NAGA,ons-2021
commune,0715,ar,زريبة الوادى,ons-2021
commune,0716,fr,El Feïdh,law-19-12 executive-decree-21-198 law-26-06
commune,0718,fr,AIN ZAATOUT,ons-2021
commune,0718,fr,Aïn Zaatout,executive-decree-91-306 law-19-12 executive-decree-21-198 law-26-06
commune,0720,fr,DJEMORAH,ons-2021
commune,0722,ar,لواء,executive-decree-91-306 law-19-12 executive-decree-21-198 ons-2021
commune,0723,ar,لشانة,executive-decree-91-306 law-19-12 executive-decree-21-198
commune,0725,ar,مليلى,ons-2021
commune,0725,ar,مليلي,executive-decree-91-306 law-19-12 executive-decree-21-198
commune,0727,fr,Bordj Benazzouz,executive-decree-91-306
commune,0728,fr,Meziraâ,executive-decree-21-198
commune,0728,fr,M’ZIRAA,ons-2021
commune,0730,ar,مخادمة,executive-decree-91-306 law-19-12 executive-decree-21-198 ons-2021
commune,0733,ar,خنقة سيدي ناجى,ons-2021
commune,0733,fr,KHENGHET SIDI NADJI,ons-2021
commune,0733,fr,Khanguet Sidi Nadji,executive-decree-91-306
commune,0733,fr,Khenguet Sidi Nadji,law-19-12 executive-decree-21-198
commune,0801,fr,Bechar,executive-decree-91-306 ons-2021
commune,0802,fr,Arg Ferradj,executive-decree-91-306
commune,0806,ar,الأحمر,executive-decree-91-306 ons-2021
commune,0809,ar,مشرع هوارى بومدين,ons-2021
commune,0809,fr,MECHRAA H. BOUMEDIENE,ons-2021
commune,0809,fr,Mechra Houari Boumédiène,executive-decree-91-306
commune,0809,fr,Mechraa Houari Boumediène,law-19-12
commune,0815,ar,بوقا يس,ons-2021
commune,0815,fr,Boukais,executive-decree-91-306 ons-2021
commune,0816,fr,Mougheul,executive-decree-91-306
commune,0821,ar,بنى و نيف,ons-2021
commune,0821,fr,Beni Ounif,executive-decree-91-306 ons-2021
commune,0904,ar,وادى العلايق,ons-2021
commune,0907,ar,اولاد يعيش,ons-2021
commune,0908,fr,CHREA,ons-2021
commune,0912,ar,حمام ملوان,ons-2021
commune,0912,fr,HAMMAM MELOUANE,ons-2021
commune,0913,ar,بن خليل,ons-2021
commune,0913,fr,BEN KHELIL,ons-2021
commune,0916,fr,MOUZAIA,ons-2021
commune,0919,fr,OULED SLAMA,ons-2021
commune,0922,ar,وادى جر,ons-2021
commune,0923,fr,BENI TAMOU,ons-2021
commune,0925,fr,BENI MERAD,ons-2021
commune,0927,fr,GUEROUAOU,ons-2021
commune,1002,ar,الأصنام,ons-2021
commune,1006,ar,أحنيف,ons-2021
commune,1006,fr,AHNIF,ons-2021
commune,1010,ar,روراوة,ons-2021
commune,1011,ar,مزدور,ons-2021
commune,1011,fr,MEZDOUR,ons-2021
commune,1014,ar,المعلة,ons-2021
commune,1016,ar,عومار,ons-2021
commune,1020,ar,الحاكمية,ons-2021
commune,1021,fr,EL KHABOUZIA,ons-2021
commune,1024,fr,ZBARBAR,ons-2021
commune,1025,fr,AIN EL HADJAR,ons-2021
commune,1028,fr,TAGUEDITE,ons-2021
commune,1034,ar,بوكرام,ons-2021
commune,1035,fr,AIN BESSAM,ons-2021
commune,1037,ar,مشدالة,ons-2021
commune,1037,fr,M'CHEDALLAH,ons-2021
commune,1041,fr,AIN LALOUI,ons-2021
commune,1042,fr,HADJERA ZERGA,ons-2021
commune,1043,ar,آث منصور,ons-2021
commune,1043,fr,ATH MANSOUR,ons-2021
commune,1045,ar,وادى البردي,ons-2021
commune,1101,fr,Tamanghasset,executive-decree-91-306
commune,1102,ar,سيلات أباليسا,executive-decree-91-306
commune,1102,fr,Silet Abalessa,executive-decree-91-306
commune,1105,ar,ادلس,executive-decree-91-306
commune,1105,fr,IDELES,ons-2021
commune,1105,fr,Idlès,executive-decree-91-306 law-19-12
commune,1106,ar,تازروق,executive-decree-91-306 law-19-12
commune,1201,fr,TEBESSA,ons-2021
commune,1203,fr,CHERIA,ons-2021 law-26-06
commune,1204,ar,سطح قنطيس,executive-decree-91-306 ons-2021
commune,1206,fr,El Houidjbet,executive-decree-91-306 ons-2021
commune,1207,ar,صفصاف الوسرة,executive-decree-91-306
commune,1210,ar,بئر المقدم,executive-decree-91-306
commune,1210,fr,Bir Mokadem,executive-decree-91-306 ons-2021
commune,1214,fr,Bir Deheb,executive-decree-91-306
commune,1215,fr,El Ogla El Malha,executive-decree-91-306 ons-2021
commune,1216,ar,قوريقر,executive-decree-91-306
commune,1216,fr,GORRIGUER,ons-2021
commune,1216,fr,Ghorriguer,executive-decree-91-306
commune,1220,ar,الماء الابيض,ons-2021
commune,1220,fr,EL MA EL BIODH,ons-2021
commune,1220,fr,El Ma Labiodh,executive-decree-91-306
commune,1221,ar,أم على,ons-2021
commune,1222,fr,THLIDJEN,ons-2021
commune,1222,fr,Thilidjène,executive-decree-91-306
commune,1223,fr,Aïn Zerga,executive-decree-91-306
commune,1225,ar,بولحاف الدين,executive-decree-91-306
commune,1225,fr,BOULHEF DYR,ons-2021
commune,1225,fr,Boulhef Dyn,executive-decree-91-306
commune,1226,fr,BEDJEN,ons-2021
commune,1227,fr,El Mezraa,executive-decree-91-306
commune,1302,ar,بنى مستر,ons-2021
commune,1302,fr,BENI MESTER,ons-2021
commune,1303,fr,AIN TELLOUT,ons-2021
commune,1303,fr,Aïn Tallout,executive-decree-91-306 law-26-06
commune,1304,ar,الرمشى,ons-2021
commune,1308,ar,السوانى,executive-decree-91-306 ons-2021
commune,1310,ar,الغور,executive-decree-91-306
commune,1311,ar,واد لخضر,ons-2021
commune,1311,ar,وادى الشولي,executive-decree-91-306
commune,1311,fr,Oued Chouli,executive-decree-91-306
commune,1312,fr,AIN FEZZA,ons-2021 law-26-06
commune,1315,fr,AIN YOUCEF,ons-2021 law-26-06
commune,1317,ar,بنى سنوس,ons-2021
commune,1317,fr,BENI SNOUS,ons-2021
commune,1319,fr,DAR YAGHMOURACENE,ons-2021
commune,1319,fr,Dar Yaghmoracen,executive-decree-91-306
commune,1320,fr,FILAOUCENE,ons-2021
commune,1321,ar,العزايل,ons-2021
commune,1321,ar,العزيل,executive-decree-91-306
commune,1321,fr,AZAILES,ons-2021
commune,1321,fr,Azail,executive-decree-91-306
commune,1323,ar,تيرنى بنى هديل,executive-decree-91-306 ons-2021
commune,1323,fr,TERNI BENI HEDIEL,ons-2021
commune,1323,fr,Terny Beni Hediel,executive-decree-91-306
commune,1324,ar,ابن سكران,executive-decree-91-306
commune,1325,ar,عين نحالة,executive-decree-91-306
commune,1325,fr,Aïn Nahala,executive-decree-91-306
commune,1328,fr,Hammam Bougherara,executive-decree-91-306
commune,1330,fr,M’Cirda Fouaga,executive-decree-91-306
commune,1331,ar,عين الفتح,executive-decree-91-306
commune,1331,fr,AIN FATAH,ons-2021
commune,1331,fr,Aïn Fetah,law-26-06
commune,1333,fr,SOUK TLETA,ons-2021
commune,1334,ar,سيدي عبد اللى,ons-2021
commune,1334,ar,سيدي عبد اللي,executive-decree-91-306
commune,1336,ar,بني وارسوس,executive-decree-91-306 ons-2021
commune,1336,ar,بني ورسوس,law-26-06
commune,1336,fr,Béni Ouarsous,executive-decree-91-306 law-26-06
commune,1337,ar,سيدى مجاهد,executive-decree-91-306 law-26-06
commune,1338,ar,بنى بوسعيد,ons-2021
commune,1338,fr,BENI BOUSSAID,ons-2021
commune,1338,fr,Béni Boussaid,executive-decree-91-306
commune,1339,ar,مرسى بن مهيدى,law-26-06
commune,1339,fr,MARSA BEN MHIDI,ons-2021
commune,1340,fr,Nedroma,executive-decree-91-306 ons-2021
commune,1341,ar,سيدى الجيلالي,executive-decree-91-306
commune,1342,ar,بنى بهدل,ons-2021
commune,1342,ar,بني بهدل,executive-decree-91-306
commune,1342,fr,BENI BAHDEL,ons-2021
commune,1344,ar,هنين,ons-2021
commune,1344,fr,Honaine,executive-decree-91-306 ons-2021
commune,1346,fr,Ouled Ryah,executive-decree-91-306
commune,1348,ar,بني خالد,executive-decree-91-306
commune,1348,fr,BENI KHELLAD,ons-2021
commune,1348,fr,Béni Khaled,executive-decree-91-306
commune,1349,ar,عين غرابة,ons-2021
commune,1349,fr,AIN GHORABA,ons-2021
commune,1351,ar,منصورة,ons-2021
commune,1352,ar,بني صميل,executive-decree-91-306 ons-2021
commune,1352,fr,BENI SEMIEL,ons-2021
commune,1353,ar,عين الكبيرة,ons-2021
commune,1353,fr,Aïn Kebira,executive-decree-91-306
commune,1403,fr,AIN BOUCHEKIF,ons-2021
commune,1403,fr,Aïn Bouchkif,executive-decree-91-306
commune,1405,fr,AIN ZARIT,ons-2021
commune,1406,fr,AIN DEHEB,ons-2021
commune,1406,fr,Ain Dheb,executive-decree-91-306
commune,1407,ar,سيدى بختي,law-26-06
commune,1408,fr,Medrissa,executive-decree-91-306 ons-2021
commune,1409,fr,ZMALET EL EMIR AEK,ons-2021
commune,1409,fr,Zmalat Emir Abdelkader,executive-decree-91-306
commune,1413,ar,دحمونى,ons-2021
commune,1413,ar,دحموني,executive-decree-91-306
commune,1414,ar,رحوية,executive-decree-91-306 ons-2021
commune,1417,ar,سي عبد الغنى,ons-2021
commune,1417,fr,Si Abdelghani,executive-decree-91-306 ons-2021
commune,1418,fr,AIN EL HADID,ons-2021
commune,1420,fr,NAIMA,ons-2021
commune,1423,ar,سيدي الحسني,ons-2021
commune,1424,ar,جيلالي بن عمرو,executive-decree-91-306
commune,1424,fr,DJILALI BEN AMAR,ons-2021
commune,1424,fr,Djillali Ben Amar,executive-decree-91-306
commune,1425,fr,Sebaine,executive-decree-91-306 ons-2021
commune,1428,fr,AIN KERMES,ons-2021
commune,1430,fr,Racheiga,executive-decree-91-306
commune,1433,ar,وادى ليلى,ons-2021
commune,1433,ar,وادى ليلي,law-26-06
commune,1434,ar,مشرع الصفاء,executive-decree-91-306
commune,1435,ar,الحمادية,executive-decree-91-306
commune,1436,fr,CHEHAIMA,ons-2021
commune,1436,fr,Chahaima,executive-decree-91-306
commune,1437,ar,تاخمارت,executive-decree-91-306
commune,1437,ar,تاخمرت,ons-2021
commune,1437,fr,Takhmaret,executive-decree-91-306
commune,1438,ar,سيدي عبد الرحمان,ons-2021 law-26-06
commune,1438,fr,SIDI ABDERAHMANE,ons-2021
commune,1439,ar,سرغين,ons-2021
commune,1439,fr,SERGHINE,ons-2021
commune,1441,fr,Faidja,executive-decree-91-306 ons-2021
commune,1501,ar,تيزي وزو,ons-2021
commune,1502,fr,AIN EL HAMMAM,ons-2021
commune,1503,ar,اقبيل,ons-2021
commune,1504,fr,FREHA,ons-2021
commune,1505,ar,سوامع,ons-2021
commune,1506,ar,مشطراس,ons-2021
commune,1506,fr,MECHTRASS,ons-2021
commune,1507,ar,ايرجن,ons-2021
commune,1511,fr,TIZI GHENNIF,ons-2021
commune,1513,ar,آيت شافع,ons-2021
commune,1513,fr,AIT CHAFFAA,ons-2021
commune,1515,ar,بنى عيسى,ons-2021
commune,1515,fr,BENI AISSI,ons-2021
commune,1516,ar,بنى زمنزر,ons-2021
commune,1516,fr,BENI ZMENZER,ons-2021
commune,1517,fr,IFERHOUNENE,ons-2021
commune,1518,fr,AZAZGA,ons-2021
commune,1519,ar,ايلولة أوما لو,ons-2021
commune,1519,fr,ILOULA OUMALOU,ons-2021
commune,1520,ar,إعكورن,ons-2021
commune,1520,fr,YAKOURENE,ons-2021
commune,1521,ar,الأربعاء نايث ايراثن,executive-decree-91-306
commune,1521,ar,الاربعاء ناث ايراثن,ons-2021
commune,1521,fr,LARBAE NATH IRATHENE,ons-2021
commune,1521,fr,Larbaa Nath Iraten,executive-decree-91-306
commune,1522,ar,تيزى راشد,executive-decree-91-306 ons-2021
commune,1523,ar,زكرى,ons-2021
commune,1524,ar,وا قنون,ons-2021
commune,1525,fr,AIN ZAOUIA,ons-2021
commune,1527,ar,آيت يحيى,ons-2021
commune,1527,fr,AIT YAHIA,ons-2021
commune,1528,fr,AIT MAHMOUD,ons-2021
commune,1530,ar,آيت بومهدى,ons-2021
commune,1530,fr,AIT BOUMAHDI,ons-2021
commune,1532,ar,بنى دوالة,ons-2021
commune,1532,fr,BENI DOUALA,ons-2021
commune,1533,ar,إليلتن,ons-2021
commune,1534,fr,BOUZGUENE,ons-2021
commune,1535,ar,آيت عقواشة,ons-2021
commune,1535,fr,AIT AGOUACHA,ons-2021
commune,1538,ar,تقزيرت,ons-2021
commune,1539,ar,ايت عيسى ميمون,ons-2021
commune,1539,fr,AIT AISSA MIMOUN,ons-2021
commune,1540,ar,بوغنى,ons-2021
commune,1542,fr,AIT OUMALOU,ons-2021
commune,1545,ar,يطافن,ons-2021
commune,1545,fr,YATAFENE,ons-2021
commune,1546,ar,بنى زيكى,ons-2021
commune,1546,fr,BENI ZIKI,ons-2021
commune,1547,fr,DRAA BEN KHEDA,ons-2021
commune,1549,ar,إيجر,ons-2021
commune,1551,ar,تيزى نثلاثة,ons-2021
commune,1551,fr,TIZI N’TLETA,ons-2021
commune,1552,ar,بنى ينى,ons-2021
commune,1552,fr,BENI YENNI,ons-2021
commune,1556,ar,آيت يحى موسى,ons-2021
commune,1556,fr,AIT YAHIA MOUSSA,ons-2021
commune,1558,fr,AIT KHELLILI,ons-2021
commune,1559,ar,سيدي نعمان,ons-2021
commune,1560,ar,إبودرارن,ons-2021
commune,1560,fr,IBOUDRARENE,ons-2021
commune,1561,ar,آقنى قغران,ons-2021
commune,1561,fr,AGOUNI GUEGHRANE,ons-2021
commune,1563,ar,إمسوحال,ons-2021
commune,1564,fr,TADMAIT,ons-2021
commune,1565,fr,AIT BOUADOU,ons-2021
commune,1566,ar,أسى يوسف,ons-2021
commune,1567,fr,AIT TOUDERT,ons-2021
commune,1602,ar,سيدي امحمد,ons-2021
commune,1604,ar,حامة العناصر,executive-decree-91-306
commune,1604,fr,Hamma Annassers,executive-decree-91-306
commune,1606,ar,بولوغين إبن زيري,ons-2021
commune,1606,fr,BOLOGHINE IBNOU ZIRI,ons-2021
commune,1609,fr,BIR MOURAD RAIS,ons-2021
commune,1610,ar,الأبيار,ons-2021
commune,1611,fr,BOUZAREAH,ons-2021
commune,1615,ar,وادي سمار,ons-2021
commune,1616,fr,BOUBOUBA,ons-2021
commune,1619,fr,BACHDJARAH,ons-2021
commune,1622,ar,بن عكنون,ons-2021
commune,1623,ar,دالي إبرهيم,ons-2021
commune,1623,fr,DELY BRAHIM,ons-2021
commune,1624,fr,EL HAMMAMET,ons-2021
commune,1625,fr,RAIS HAMIDOU,ons-2021
commune,1626,fr,DJASR KASSENTINA,ons-2021
commune,1629,fr,MOHAMMADIA,ons-2021
commune,1631,ar,المغارية,ons-2021
commune,1631,fr,EL MAGHARIA,ons-2021
commune,1633,ar,الكليتوس,ons-2021
commune,1634,ar,بئر التوتة,executive-decree-91-306
commune,1635,ar,تسالة المرجى,ons-2021
commune,1635,fr,TESSALA EL MERDJA,ons-2021
commune,1635,fr,Tassala el Merdja,executive-decree-91-306
commune,1636,ar,أولاد الشبل,ons-2021
commune,1638,fr,AIN TAYA,ons-2021
commune,1639,fr,Bordj El Bahri,executive-decree-91-306 ons-2021
commune,1641,ar,الهراوة,ons-2021
commune,1641,fr,HARAOUA,ons-2021
commune,1641,fr,Haroua,executive-decree-91-306
commune,1643,ar,رغاية,executive-decree-91-306 ons-2021
commune,1643,fr,REGHAIA,ons-2021
commune,1643,fr,Reghaïa,executive-decree-91-306
commune,1644,fr,AIN BENIAN,ons-2021
commune,1644,fr,Aïn Benian,executive-decree-91-306
commune,1645,ar,سطوالي,executive-decree-91-306
commune,1645,fr,STAOUELI,ons-2021
commune,1646,fr,Zeralda,executive-decree-91-306 ons-2021
commune,1647,ar,المعالمة,executive-decree-91-306
commune,1647,fr,MAHELMA,ons-2021
commune,1647,fr,Maalma,executive-decree-91-306
commune,1649,ar,سويدانية,ons-2021
commune,1650,fr,Cheraga,executive-decree-91-306 ons-2021
commune,1651,ar,اولاد فايت,executive-decree-91-306
commune,1653,ar,درارية,executive-decree-91-306 ons-2021
commune,1654,fr,DOUERA,ons-2021
commune,1655,fr,BABA HASSAN,ons-2021
commune,1656,ar,الخرايصية,executive-decree-91-306
commune,1656,fr,KHRAICIA,ons-2021
commune,1656,fr,Khraissia,executive-decree-91-306
commune,1657,fr,S’haoula,executive-decree-91-306
commune,1702,ar,مجبارة,ons-2021
commune,1702,ar,مجبر,executive-decree-91-306
commune,1702,fr,MOUDJEBARA,ons-2021
commune,1702,fr,Mouadjebar,executive-decree-91-306
commune,1703,fr,El Guedid,executive-decree-91-306 ons-2021
commune,1705,fr,AIN MAABED,ons-2021
commune,1706,ar,سد الرحال,executive-decree-91-306 ons-2021
commune,1707,fr,FEIDH EL BOTMA,ons-2021
commune,1707,fr,Faidh El Botma,executive-decree-91-306
commune,1708,ar,بيرين,executive-decree-91-306 ons-2021
commune,1709,fr,Bouira Lahdeb,executive-decree-91-306 ons-2021
commune,1712,fr,SIDI BAYZID,ons-2021
commune,1712,fr,Sidi Baizid,executive-decree-91-306
commune,1713,fr,MLILIHA,ons-2021
commune,1714,ar,الادريسية,executive-decree-91-306 ons-2021
commune,1715,ar,دويس,executive-decree-91-306 ons-2021
commune,1716,ar,حاسى العش,ons-2021
commune,1718,ar,القطارة,executive-decree-91-306
commune,1719,ar,سيدي العجال,executive-decree-91-306
commune,1719,fr,SIDI LAADJEL,ons-2021
commune,1720,ar,حد الصحارى,ons-2021
commune,1722,ar,سلمانه,executive-decree-91-306
commune,1723,fr,AIN CHOUHADA,ons-2021
commune,1724,ar,أم العظم,executive-decree-91-306
commune,1724,fr,OUM LADHAM,ons-2021
commune,1724,fr,Oum El Adham,executive-decree-91-306
commune,1727,ar,بنى يعقوب,ons-2021
commune,1727,ar,بني يعقوب,executive-decree-91-306
commune,1727,fr,BENI YAGOUB,ons-2021
commune,1727,fr,Ben Yaagoub,law-26-06
commune,1727,fr,Beni Yacoub,executive-decree-91-306
commune,1730,ar,عين الابل,executive-decree-91-306 ons-2021
commune,1730,fr,AIN EL IBEL,ons-2021
commune,1731,fr,AIN OUSSERA,ons-2021
commune,1731,fr,Aïn Oussera,executive-decree-91-306
commune,1732,ar,بن هار,executive-decree-91-306 ons-2021
commune,1733,ar,حاسى فدول,ons-2021
commune,1735,ar,عين فقه,ons-2021
commune,1735,ar,عين فكة,executive-decree-91-306
commune,1735,fr,AIN FEKKA,ons-2021
commune,1735,fr,Aïn Feka,executive-decree-91-306
commune,1736,ar,تاعظميت,executive-decree-91-306 ons-2021
commune,1802,ar,أرا قن,ons-2021
commune,1802,fr,ERRAGUENE,ons-2021
commune,1804,fr,ZIAMA MANSOURIA,ons-2021
commune,1806,ar,الامير عبد القادر,ons-2021
commune,1807,ar,الشقفة,ons-2021
commune,1808,fr,CHAHANA,ons-2021
commune,1810,fr,SIDI MAAROUF,ons-2021
commune,1813,ar,سيدي عبد العزيز,ons-2021
commune,1817,fr,DJMILA,ons-2021
commune,1818,fr,SELMA BENZIADA,ons-2021
commune,1819,fr,BOUSSIF OULED ASKEUR,ons-2021
commune,1820,ar,القنار نشفى,ons-2021
commune,1821,ar,أولاد يحيى خدروش,ons-2021
commune,1821,fr,OULED YAHIA KHADROUCH,ons-2021
commune,1822,ar,بودريعة,executive-decree-91-306
commune,1822,fr,BOUDRIA BENI YADJIS,ons-2021
commune,1823,ar,خيري واد عجول,ons-2021
commune,1823,fr,KHEIRI OUED ADJOUL,ons-2021
commune,1824,ar,تاكسنة,ons-2021
commune,1825,ar,الجمعة بنى حبيبى,ons-2021
commune,1826,fr,BORDJ TAHER,ons-2021
commune,1901,fr,SETIF,ons-2021
commune,1902,fr,AIN EL KEBIRA,ons-2021
commune,1904,ar,أولاد سي أحمد,ons-2021
commune,1906,fr,AIN ROUA,ons-2021
commune,1907,ar,ذراع قبيلة,ons-2021
commune,1913,fr,AIN LEGRADJ,ons-2021
commune,1914,fr,AIN ABESSA,ons-2021
commune,1917,fr,GUIDJEL,ons-2021
commune,1918,fr,AIN EL HADJAR,ons-2021
commune,1922,ar,بنى ورثيلان,ons-2021
commune,1923,fr,ROSFA,ons-2021
commune,1924,fr,OULED ADOUANE,ons-2021
commune,1926,fr,AIN ARNAT,ons-2021
commune,1928,ar,عين أولمان,ons-2021
commune,1928,fr,AIN OULMENE,ons-2021
commune,1929,ar,بيضاء برج,ons-2021
commune,1931,fr,BAZER SAKHRA,ons-2021
commune,1932,ar,حمام السخنة,ons-2021
commune,1932,fr,HAMMAM SOUKHNA,ons-2021
commune,1934,fr,BIR HADDADA,ons-2021
commune,1937,ar,الأوريسية,ons-2021
commune,1938,fr,TIZI N'BECHAR,ons-2021
commune,1939,ar,صالح باي,ons-2021
commune,1940,ar,عين ازال,ons-2021
commune,1940,fr,AIN AZEL,ons-2021
commune,1941,fr,GUENZET,ons-2021
commune,1942,ar,تالة إيفاسن,ons-2021
commune,1942,fr,TALA IFACENE,ons-2021
commune,1944,fr,BENI FOUDA,ons-2021
commune,1945,ar,تاشورة,ons-2021
commune,1946,ar,بنى موحلى,ons-2021
commune,1949,fr,AIN SEBT,ons-2021
commune,1950,ar,حمام قرقور,ons-2021
commune,1951,fr,AIT NOUAL M’ZADA,ons-2021
commune,1952,fr,KSAR EL ABTAL,ons-2021
commune,1953,ar,بنى حسين,ons-2021
commune,1953,fr,BENI HOCINE,ons-2021
commune,1954,ar,آيت تيزي,ons-2021
commune,1954,fr,AIT TIZI,ons-2021
commune,1957,ar,وادي البارد,ons-2021
commune,1957,fr,OUED EL BARED,ons-2021
commune,1960,ar,التلة,ons-2021
commune,1960,fr,TELLA,ons-2021
commune,2001,fr,SAIDA,ons-2021
commune,2002,fr,DOUI THABET,ons-2021
commune,2003,fr,AIN HADJAR,ons-2021
commune,2005,ar,مولاي العربي,ons-2021
commune,2007,ar,هونت,ons-2021
commune,2008,ar,سيدي عمار,ons-2021
commune,2008,fr,SIDI AMAR,ons-2021
commune,2009,ar,سيدي بوبكر,ons-2021
commune,2010,fr,EL HASSASSNA,ons-2021
commune,2012,ar,سيدي أحمد,ons-2021
commune,2013,fr,AIN SKHOUNA,ons-2021
commune,2016,fr,AIN SOLTANE,ons-2021
commune,2102,fr,AIN ZOUIT,ons-2021
commune,2105,fr,DJENDEL SAADI MED,ons-2021
commune,2106,fr,AIN CHERCHAR,ons-2021
commune,2107,ar,بكوش الاخضر,ons-2021
commune,2108,ar,بن عزوز,ons-2021
commune,2108,fr,BEN AZZOUZ,ons-2021
commune,2109,fr,ES SEBT,ons-2021
commune,2111,ar,بنى زيد,ons-2021
commune,2113,fr,OULED ATTIA,ons-2021
commune,2114,fr,OUED ZHOUR,ons-2021
commune,2119,ar,سيدي مزغيش,ons-2021
commune,2121,ar,بنى ولبان,ons-2021
commune,2122,fr,AIN BOUZIANE,ons-2021
commune,2124,ar,بنى بشير,ons-2021
commune,2127,fr,AIN KECHERA,ons-2021
commune,2131,ar,الشرايع,ons-2021
commune,2132,fr,KANOUA,ons-2021
commune,2134,fr,BOUCHETATA,ons-2021
commune,2135,fr,OULDJA BOULBALOUT,ons-2021
commune,2136,ar,خناق مايون,ons-2021
commune,2136,fr,KHENAK MAYOUN,ons-2021
commune,2137,ar,حمادى كرومة,ons-2021
commune,2137,fr,HAMADI KROUMA,ons-2021
commune,2203,ar,سيدي ابراهيم,ons-2021
commune,2204,ar,مصطفى بن ابراهيم,ons-2021
commune,2204,fr,MOSTEFA BEN BRAHIM,ons-2021
commune,2207,ar,بو خنفيس,ons-2021
commune,2207,fr,BOUKHANIFIS,ons-2021
commune,2208,ar,سيدي على بوسيدى,ons-2021
commune,2209,ar,بدر الدين المقرانى,ons-2021
commune,2209,fr,BADREDINE EL MOKRANI,ons-2021
commune,2211,ar,تفسور,ons-2021
commune,2211,fr,TAFISSOUR,ons-2021
commune,2212,ar,العمارنة,ons-2021
commune,2213,ar,تلمونى,ons-2021
commune,2214,fr,SIDI LAHCENE,ons-2021
commune,2215,fr,AIN TRID,ons-2021
commune,2217,ar,تنبرة,ons-2021
commune,2218,ar,مولاى سليسن,ons-2021
commune,2219,fr,EL HACAIBA,ons-2021
commune,2220,ar,حاسى زهانة,ons-2021
commune,2220,fr,HASSI ZAHANA,ons-2021
commune,2224,ar,عين تندمين,ons-2021
commune,2224,fr,AIN TINDAMINE,ons-2021
commune,2225,fr,AIN KADA,ons-2021
commune,2228,fr,AIN EL BERD,ons-2021
commune,2229,ar,سفيزف,ons-2021
commune,2230,ar,عين أدن,ons-2021
commune,2230,fr,AIN ADDEN,ons-2021
commune,2231,ar,وادى تاوريرة,ons-2021
commune,2233,fr,ZEROUALA,ons-2021
commune,2234,fr,LAMTAR,ons-2021
commune,2235,fr,SIDI CHAIB,ons-2021
commune,2236,fr,SIDI DAHO DE ZAIRS,ons-2021
commune,2237,ar,وادى السبع,ons-2021
commune,2238,ar,بوجبهة البرج,ons-2021
commune,2239,ar,سهالة الثورة,ons-2021
commune,2242,ar,بلعربى,ons-2021
commune,2243,ar,وادى سفيون,ons-2021
commune,2243,fr,OUED SEFIOUN,ons-2021
commune,2244,ar,تغاليمت,ons-2021
commune,2246,ar,سيدي على بن يوب,ons-2021
commune,2246,fr,SIDI ALI BENYOUB,ons-2021
commune,2247,ar,شيطوان بليلة,ons-2021
commune,2248,fr,BIR EL HAMMAM,ons-2021
commune,2251,ar,بن عشيبة الشيلية,ons-2021
commune,2252,ar,حاسى دحو,ons-2021
commune,2307,ar,الشرفة,ons-2021
commune,2307,fr,CHEURFA,ons-2021
commune,2308,fr,SERAIDI,ons-2021
commune,2309,ar,عين الباردة,ons-2021
commune,2309,fr,AIN BERDA,ons-2021
commune,2310,fr,CHETAIBI,ons-2021
commune,2311,ar,سيدي عمار,ons-2021
commune,2403,ar,بوعاتي محمود,ons-2021
commune,2404,ar,وادي الزناتي,ons-2021
commune,2406,ar,وادي فراغة,ons-2021
commune,2406,fr,OUED FRAGHA,ons-2021
commune,2407,fr,AIN SANDEL,ons-2021
commune,2408,ar,راس العقبة,ons-2021
commune,2411,ar,بن جراح,ons-2021
commune,2411,fr,BEN DJARAH,ons-2021
commune,2413,fr,AIN MAKHLOUF,ons-2021
commune,2414,fr,AIN BEN BEIDA,ons-2021
commune,2415,ar,لخزارة,ons-2021
commune,2415,fr,KHEZARAS,ons-2021
commune,2416,ar,بنى مزلين,ons-2021
commune,2418,ar,قلعة بوصبع,ons-2021
commune,2418,fr,GUELAAT BOU SBAA,ons-2021
commune,2422,fr,HAMMAM N'BAIL,ons-2021
commune,2423,ar,عين العربى,ons-2021
commune,2423,fr,AIN LARBI,ons-2021
commune,2426,ar,هيليوبوليس,ons-2021
commune,2427,ar,عين الحساينية,executive-decree-91-306
commune,2427,fr,Aïn Hsainia,executive-decree-91-306
commune,2432,fr,AIN REGGADA,ons-2021
commune,2433,ar,وادى الشحم,ons-2021
commune,2434,ar,جبالة الخميسى,ons-2021
commune,2434,fr,DJEBALLAH KHEMISSI,ons-2021
commune,2503,ar,ابن باديس الهرية,ons-2021
commune,2503,fr,IBN BADIS,ons-2021
commune,2504,fr,ZIGHOUT YOUCEF,ons-2021
commune,2507,fr,AIN ABID,ons-2021
commune,2508,ar,بنى حميدان,ons-2021
commune,2508,fr,BENI HAMIDENE,ons-2021
commune,2509,fr,OULED RAHMOUNE,ons-2021
commune,2510,ar,عين سمارة,executive-decree-91-306 ons-2021
commune,2510,fr,AIN SMARA,ons-2021
commune,2511,fr,MESSAOUD BOUJERIOU,ons-2021
commune,2601,fr,MEDEA,ons-2021
commune,2603,fr,Ouled Maref,executive-decree-91-306
commune,2604,fr,AIN BOUCIF,ons-2021
commune,2605,ar,عيساوة,executive-decree-91-306
commune,2605,fr,AISSAOUIA,ons-2021
commune,2605,fr,El Aïssaouia,executive-decree-91-306
commune,2606,ar,أولاد دايد,executive-decree-91-306
commune,2606,ar,اولاد دايد,ons-2021
commune,2606,fr,OULED DEID,ons-2021
commune,2606,fr,Ouled Deide,executive-decree-91-306
commune,2607,ar,العمرية,executive-decree-91-306
commune,2609,fr,Guelb El Kebir,executive-decree-91-306
commune,2610,ar,بوعيش,executive-decree-91-306 ons-2021
commune,2611,fr,Mezghana,executive-decree-91-306 ons-2021
commune,2612,ar,أولاد إبراهيم,executive-decree-91-306
commune,2615,ar,تامسقيدة,executive-decree-91-306 ons-2021
commune,2615,fr,Tamesguida,executive-decree-91-306 ons-2021
commune,2617,ar,الكاف الاخضر,ons-2021
commune,2618,fr,CHELLALET EL ADHAOURA,ons-2021
commune,2618,fr,Chellalat El Adhaoura,executive-decree-91-306
commune,2619,fr,BOUSKENE,ons-2021
commune,2619,fr,Bousekene,executive-decree-91-306
commune,2620,fr,Rebaia,executive-decree-91-306 ons-2021
commune,2623,ar,تفراوت,executive-decree-91-306 ons-2021
commune,2629,ar,وادى حربيل,ons-2021
commune,2630,fr,BEN CHICAO,ons-2021
commune,2631,ar,سيدى دامد,ons-2021
commune,2631,ar,سيدي دامد,executive-decree-91-306
commune,2633,ar,السواقى,ons-2021
commune,2633,fr,Souaghi,executive-decree-91-306
commune,2635,ar,قصر البخارى,ons-2021
commune,2636,fr,Al Azizia,law-26-06
commune,2639,fr,Maghraoua,executive-decree-91-306
commune,2641,fr,Aïn Ouksir,executive-decree-91-306 law-26-06
commune,2642,fr,OUM EL DJALIL,ons-2021
commune,2643,ar,عوامرى,ons-2021
commune,2643,ar,عوامري,executive-decree-91-306
commune,2644,ar,سى المحجوب,ons-2021
commune,2645,ar,ثلاث دوائر,executive-decree-91-306
commune,2645,ar,ثلاثة دوائر,ons-2021
commune,2645,fr,TLATET EDDOUAIR,ons-2021
commune,2645,fr,Tlelat Ed Douair,executive-decree-91-306
commune,2646,ar,بنى سليمان,ons-2021
commune,2646,fr,Beni Slimane,executive-decree-91-306 ons-2021
commune,2649,ar,مفاتحة,ons-2021
commune,2649,ar,مفتاحة,executive-decree-91-306
commune,2649,fr,MFATHA,ons-2021
commune,2649,fr,Meftaha,executive-decree-91-306
commune,2651,fr,BOUGHZOUL,ons-2021
commune,2655,fr,Sidi Rabie,executive-decree-91-306
commune,2657,fr,El Aouinet,executive-decree-91-306
commune,2659,fr,BOUAICHOUN,ons-2021
commune,2659,fr,Bouaichoune,executive-decree-91-306
commune,2660,fr,Hanacha,executive-decree-91-306
commune,2661,ar,صدراية,ons-2021
commune,2661,fr,SEDRAIA,ons-2021
commune,2661,fr,Sedraya,executive-decree-91-306
commune,2662,fr,Medjebeur,executive-decree-91-306
commune,2663,ar,خمسة جوامع,executive-decree-91-306
commune,2663,fr,Khams Djouamaa,executive-decree-91-306 ons-2021
commune,2664,ar,سانق,ons-2021
commune,2703,ar,فرناكة,ons-2021
commune,2705,ar,عين نويسى,ons-2021
commune,2705,fr,AIN NOUISSY,ons-2021
commune,2706,ar,حاسى ماماش,ons-2021
commune,2706,fr,HASSI MAAMECHE,ons-2021
commune,2707,fr,AIN TADLES,ons-2021
commune,2708,ar,سور,ons-2021
commune,2709,ar,وادى الخير,ons-2021
commune,2710,ar,سيدي بلعطار,ons-2021
commune,2710,fr,SIDI BELATTAR,ons-2021
commune,2711,fr,KHEIREDINE,ons-2021
commune,2712,ar,سيدي على,ons-2021
commune,2713,ar,عبد المالك رمضان,ons-2021
commune,2713,fr,ABDELMALEK RAMDANE,ons-2021
commune,2714,fr,HADJADJ,ons-2021
commune,2716,ar,سيدي لخضر,ons-2021
commune,2717,fr,ACHAACHA,ons-2021
commune,2721,ar,عين سيدي الشريف,ons-2021
commune,2721,fr,AIN SIDI CHERIF,ons-2021
commune,2722,fr,MESRA,ons-2021
commune,2723,fr,MANSOURAH,ons-2021
commune,2726,fr,OULED MAALLAH,ons-2021
commune,2727,fr,MEZGHRANE,ons-2021
commune,2728,fr,AIN BOUDINAR,ons-2021
commune,2732,fr,EL HASSIANE,ons-2021
commune,2806,fr,MTARFA,ons-2021
commune,2806,fr,Metarfa,executive-decree-91-306
commune,2807,ar,خبانة,executive-decree-91-306 executive-decree-92-66 ons-2021
commune,2808,ar,مسيف,executive-decree-91-306 executive-decree-92-66 ons-2021
commune,2809,ar,شلال,executive-decree-91-306 ons-2021
commune,2810,ar,أولاد ماضى,ons-2021
commune,2810,fr,Ouled Mahdi,executive-decree-91-306 ons-2021
commune,2813,ar,عين خضراء,executive-decree-91-306 ons-2021
commune,2813,fr,AIN KHADRA,ons-2021
commune,2813,fr,Aïn El Khadra,executive-decree-91-306
commune,2814,ar,أولاد عدي لقبالة,ons-2021
commune,2815,fr,Belaiba,executive-decree-91-306 ons-2021
commune,2816,fr,SIDI AISSA,ons-2021
commune,2817,fr,AIN EL HADJEL,ons-2021
commune,2818,fr,Sidi Hadjeres,executive-decree-91-306 ons-2021 law-26-06
commune,2820,fr,BOUSAADA,ons-2021
commune,2820,fr,Boussaada,executive-decree-91-306 executive-decree-92-66
commune,2821,ar,أولاد سيدي ابراهيم,executive-decree-91-306 ons-2021
commune,2823,fr,Temsa,executive-decree-91-306
commune,2824,fr,Bensrour,executive-decree-91-306
commune,2829,ar,معاريف,ons-2021
commune,2830,ar,دهاهنة,executive-decree-91-306 ons-2021
commune,2831,ar,بوطى السايح,ons-2021
commune,2832,fr,KHETTOUTI CED EL DJIR,ons-2021
commune,2832,fr,Khatouti Sed El Djir,executive-decree-91-306
commune,2833,ar,زرزور,ons-2021
commune,2834,ar,وادي الشعير,executive-decree-91-306
commune,2834,fr,MOHAMED BOUDIAF,ons-2021
commune,2834,fr,Oued Chair,executive-decree-91-306
commune,2835,ar,بن زوح,executive-decree-91-306
commune,2835,ar,بن زوه,ons-2021
commune,2836,ar,بئر فضة,ons-2021
commune,2836,fr,BIR FODDA,ons-2021
commune,2837,fr,AIN FARES,ons-2021
commune,2837,fr,Aïn Fares,executive-decree-91-306
commune,2838,ar,سيدي محمد,executive-decree-91-306 ons-2021
commune,2839,ar,أولاد عطية,executive-decree-91-306
commune,2839,fr,MENEA,ons-2021
commune,2839,fr,Menaâ,law-26-06
commune,2839,fr,Ouled Attia,executive-decree-91-306
commune,2840,ar,الصوامع,executive-decree-91-306
commune,2841,fr,AIN EL MELH,ons-2021
commune,2841,fr,Aïn El Melh,executive-decree-91-306
commune,2842,ar,مجدل,executive-decree-91-306 ons-2021
commune,2844,fr,AIN ERRICH,ons-2021
commune,2844,fr,Aïn Rich,executive-decree-91-306
commune,2845,ar,بنى يلمان,ons-2021
commune,2845,fr,Beni Ilmane,executive-decree-91-306 ons-2021
commune,2846,ar,ولتان,executive-decree-91-306
commune,2846,fr,OULTEN,ons-2021
commune,2846,fr,Oultene,executive-decree-91-306
commune,2847,ar,جبل مسعد,executive-decree-91-306
commune,2906,fr,TIGHENNIF,ons-2021
commune,2907,fr,EL HACHEM,ons-2021
commune,2908,ar,سيدي قادة,ons-2021
commune,2910,ar,واد الابطال,ons-2021
commune,2911,fr,AIN FERAH,ons-2021
commune,2916,ar,سيدي بوسعيد,ons-2021
commune,2916,fr,SIDI BOUSSAID,ons-2021
commune,2918,fr,AIN FEKAN,ons-2021
commune,2919,fr,BENIAN,ons-2021
commune,2922,ar,واد التاغية,ons-2021
commune,2924,fr,AIN FARES,ons-2021
commune,2925,ar,عين أفرص,ons-2021
commune,2927,ar,عقاز,ons-2021
commune,2928,fr,ALAIMIA,ons-2021
commune,2931,fr,MOHAMMADIA,ons-2021
commune,2932,ar,سيدي عبد المومن,ons-2021
commune,2932,fr,SIDI ABDELMOUMENE,ons-2021
commune,2937,ar,بوهني,ons-2021
commune,2938,ar,القيطنة,ons-2021
commune,2938,fr,EL GUETNA,ons-2021
commune,2939,ar,المامونية,ons-2021
commune,2939,fr,EL MAMOUNIA,ons-2021
commune,2940,ar,الكرط,ons-2021
commune,2941,fr,GHARROUS,ons-2021
commune,2942,ar,غرجوم,ons-2021
commune,2943,ar,شرفة,ons-2021
commune,2944,ar,راس عين عميروش,ons-2021
commune,2945,ar,نسمط,ons-2021
commune,2946,ar,سيدي عبد الجيار,ons-2021
commune,2947,ar,السهايلية,ons-2021
commune,3002,fr,Ain Beida,ordinance-21-03 ons-2021
commune,3002,fr,Aïn Beïda,law-19-12
commune,3004,ar,حاسى مسعود,executive-decree-91-306 ons-2021
commune,3011,ar,سيدى خويلد,executive-decree-91-306
commune,3012,ar,حاسى بن عبد الله,executive-decree-91-306
commune,3012,ar,حاسي بن عبد اللّه,law-19-12
commune,3012,fr,Hassi Ben Abdelah,law-19-12 ordinance-21-03
commune,3108,fr,MARSAT EL HADJADJ,ons-2021
commune,3109,fr,AIN TURK,ons-2021
commune,3110,fr,EL ANCOR,ons-2021
commune,3111,ar,وادى تليلات,ons-2021
commune,3113,ar,سيدي الشحمى,ons-2021
commune,3113,fr,SIDI CHAMI,ons-2021
commune,3114,ar,بوفاتيس,ons-2021
commune,3116,ar,بوصفر,ons-2021
commune,3119,ar,حاسى بن عقبة,ons-2021
commune,3119,fr,HASSI BEN OKBA,ons-2021
commune,3121,ar,حاسى مفسوخ,ons-2021
commune,3122,fr,SIDI BEN YABKA,ons-2021
commune,3123,fr,MESSERGHIN,ons-2021
commune,3125,fr,AIN KERMA,ons-2021
commune,3126,fr,AIN BIYA,ons-2021
commune,3202,ar,رقاصة,executive-decree-91-306 ons-2021
commune,3203,ar,ستيتن,executive-decree-91-306 ons-2021
commune,3203,fr,Stiten,executive-decree-91-306
commune,3204,fr,Brezina,executive-decree-91-306 ons-2021
commune,3205,ar,غسول,executive-decree-91-306
commune,3207,ar,الابيض سيدي الشيخ,executive-decree-91-306 ons-2021
commune,3207,fr,Labiodh Sidi Cheikh,executive-decree-91-306
commune,3208,fr,AIN EL ORAK,ons-2021
commune,3209,ar,عرباوة,executive-decree-91-306
commune,3209,fr,ARBAOUET,ons-2021
commune,3209,fr,Arbaout,executive-decree-91-306
commune,3210,fr,Bougtob,executive-decree-91-306 law-26-06
commune,3211,fr,El Kheiter,executive-decree-91-306 ons-2021
commune,3212,ar,الكاف الأحمر,executive-decree-91-306
commune,3212,fr,Kef Lahmar,executive-decree-91-306
commune,3213,fr,Boussemghoum,executive-decree-91-306
commune,3214,ar,شلالة,executive-decree-91-306 ons-2021
commune,3215,fr,KERAKDA,ons-2021
commune,3218,ar,سيدي عامر,executive-decree-91-306
commune,3218,fr,SIDI AMEUR,ons-2021
commune,3219,ar,المهارة,executive-decree-91-306
commune,3219,fr,El Mehara,executive-decree-91-306 ons-2021
commune,3222,fr,Sidi Taifour,executive-decree-91-306
commune,3301,ar,اليزي,executive-decree-91-306
commune,3301,ar,ايليزى,ons-2021
commune,3303,fr,Debdeb,executive-decree-91-306 executive-decree-18-302 law-19-12 ons-2021
commune,3304,ar,برج عمر إدريس,executive-decree-91-306
commune,3306,ar,إن أمناس,executive-decree-18-302
commune,3306,ar,إن اميناس,law-19-12
commune,3306,ar,ان أميناس,ons-2021
commune,3306,ar,ان اميناس,executive-decree-91-306
commune,3306,fr,In Aménas,executive-decree-18-302
commune,3401,ar,برج بوعريرج,ons-2021
commune,3401,fr,BORDJ BOU ARRERIDJ,ons-2021
commune,3402,ar,راس الواد,ons-2021
commune,3403,fr,BORDJ ZEMOURA,ons-2021
commune,3404,fr,MANSOURA,ons-2021
commune,3405,fr,EL M'HIR,ons-2021
commune,3407,ar,اليشير,ons-2021
commune,3409,ar,برج غدير,ons-2021
commune,3410,ar,سيدي امبارك,ons-2021
commune,3410,fr,SIDI EMBAREK,ons-2021
commune,3414,fr,TENIET ENNASR,ons-2021
commune,3415,ar,جعافرة,ons-2021
commune,3416,ar,إلماين,ons-2021
commune,3417,ar,أولاد براهم,ons-2021
commune,3417,fr,OULED BRAHEM,ons-2021
commune,3421,ar,تقلعيت,ons-2021
commune,3423,ar,أولاد سيدي براهيم,ons-2021
commune,3426,ar,تكستار,ons-2021
commune,3428,ar,العناصر,ons-2021
commune,3428,fr,EL ANSEUR,ons-2021
commune,3429,ar,تسامرت,ons-2021
commune,3429,fr,TESMART,ons-2021
commune,3430,fr,AIN TASRA,ons-2021
commune,3431,ar,بئر قاصد علي,ons-2021
commune,3504,ar,أعفير,ons-2021
commune,3504,ar,أفير,executive-decree-91-306
commune,3505,fr,Bordj Menaïel,executive-decree-91-306
commune,3509,ar,جنات,ons-2021
commune,3511,fr,Zemmouri,executive-decree-91-306 ons-2021
commune,3513,ar,تيجلابين,ons-2021
commune,3520,ar,أولاد موسى,ons-2021
commune,3521,ar,الأربعطاش,ons-2021
commune,3522,ar,بوزقزة قدارة,ons-2021
commune,3522,fr,BOUZEGZA KEDDARA,ons-2021
commune,3525,ar,تاورقة,ons-2021
commune,3525,ar,تورقة,executive-decree-91-306
commune,3525,fr,Taourga,executive-decree-91-306 ons-2021
commune,3526,ar,اولاد عيسى,executive-decree-91-306
commune,3526,fr,Ouled Aïssa,executive-decree-91-306
commune,3530,ar,بنى عمران,ons-2021
commune,3531,ar,سوق الحد,ons-2021
commune,3532,ar,بودواو البحرى,ons-2021
commune,3533,ar,أولاد هداج,ons-2021
commune,3533,fr,OULED HEDADJ,ons-2021
commune,3535,fr,LAGHATA,ons-2021
commune,3536,ar,حمادى,ons-2021
commune,3536,fr,HAMMADI,ons-2021
commune,3538,fr,EL KHARROUBA,ons-2021
commune,3603,ar,بن مهيدى,ons-2021
commune,3604,fr,BOUGOUS,ons-2021
commune,3606,fr,AIN EL ASSEL,ons-2021
commune,3607,fr,EL AIOUN,ons-2021
commune,3614,ar,شحانى,ons-2021
commune,3615,ar,شبيطة مختار,ons-2021
commune,3615,fr,CHEBAITA MOKHTAR,ons-2021
commune,3618,fr,ECHATT,ons-2021
commune,3621,fr,AIN KERMA,ons-2021
commune,3622,ar,وادى الزيتون,ons-2021
commune,3623,ar,حمام بنى صالح,ons-2021
commune,3624,fr,RAML SOUK,ons-2021
commune,3701,ar,تندوف,ons-2021
commune,3801,fr,TISSEMSSILT,ons-2021
commune,3803,ar,ثنية الاحد,ons-2021
commune,3805,ar,بنى شعيب,ons-2021
commune,3805,fr,BENI CHAIB,ons-2021
commune,3806,ar,لرجام,ons-2021
commune,3808,ar,سيدي العنترى,ons-2021
commune,3809,fr,BORDJ EMIR AEK,ons-2021
commune,3810,fr,LAAYOUNE,ons-2021
commune,3811,ar,خميستى,ons-2021
commune,3813,ar,عمارى,ons-2021
commune,3817,fr,MAACEM,ons-2021
commune,3819,ar,تملاحت,ons-2021
commune,3819,fr,TAMELLAHT,ons-2021
commune,3821,fr,BOUCAID,ons-2021
commune,3822,ar,بنى لحسن,ons-2021
commune,3822,fr,BENI LAHCENE,ons-2021
commune,3901,ar,الوادى,ons-2021
commune,3902,ar,الرباح,executive-decree-91-306
commune,3903,ar,وادى العلندة,ons-2021
commune,3903,ar,وادي العندلة,executive-decree-91-306
commune,3903,fr,Oued Allenda,executive-decree-91-306
commune,3908,fr,Reguiba,executive-decree-91-306 law-19-12 ons-2021
commune,3909,ar,الحمراية,executive-decree-91-306
commune,3912,ar,حسانى عبد الكريم,ons-2021
commune,3913,ar,حاسى خليفة,ons-2021
commune,3917,ar,الطريفاوى,ons-2021
commune,3917,ar,تريفاوي,law-19-12
commune,3919,ar,بني ڤشة,executive-decree-91-306
commune,3919,fr,BEN GHECHA,ons-2021
commune,3919,fr,Ben Guecha,executive-decree-91-306
commune,3920,fr,Ourmes,executive-decree-91-306
commune,3926,ar,مية وانسة,executive-decree-91-306
commune,3926,fr,Mih Ouensa,executive-decree-91-306 ons-2021
commune,4003,fr,KAIS,ons-2021
commune,4004,ar,بغاى,ons-2021
commune,4006,fr,AIN TOUILA,ons-2021
commune,4007,ar,تاوزيانت,ons-2021
commune,4007,fr,TAOUZIANET,ons-2021
commune,4009,fr,EL OUELDJA,ons-2021
commune,4014,ar,طامزة,ons-2021
commune,4014,fr,TAMSA,ons-2021
commune,4018,fr,EL MSARA,ons-2021
commune,4020,fr,KHIRANE,ons-2021
commune,4021,fr,CHELIA,ons-2021
commune,4103,fr,HANANCHA,ons-2021
commune,4111,ar,الخضارة,ons-2021
commune,4111,fr,KHEDDARA,ons-2021
commune,4113,ar,أولاد مومن,ons-2021
commune,4118,fr,AIN SOLTANE,ons-2021
commune,4121,fr,SAFEL EL OUIDEN,ons-2021
commune,4122,ar,الراقوبة,ons-2021
commune,4124,ar,وادى الكبريت,ons-2021
commune,4125,fr,TERRAGUELT,ons-2021
commune,4126,ar,الزوابى,ons-2021
commune,4203,ar,الأرهاط,ons-2021
commune,4210,ar,أغبال,ons-2021
commune,4213,ar,سيدي عامر,ons-2021
commune,4214,ar,قوراية,ons-2021
commune,4217,ar,عين تاقورايت,ons-2021
commune,4217,fr,AIN TAGOURAIT,ons-2021
commune,4226,fr,BOU ISMAIL,ons-2021
commune,4227,ar,أحمر العين,ons-2021
commune,4227,fr,AHMER EL AIN,ons-2021
commune,4232,fr,SIDI GHILES,ons-2021
commune,4235,fr,KOLEA,ons-2021
commune,4236,ar,الحطاطبة,ons-2021
commune,4236,fr,ATTATBA,ons-2021
commune,4241,ar,بني ميلك,ons-2021
commune,4241,fr,BENI MILLEUK,ons-2021
commune,4242,fr,HADJRET ENNOUS,ons-2021
commune,4303,fr,CHELGHOUM LAID,ons-2021
commune,4305,ar,عين الملوك,ons-2021
commune,4305,fr,AIN MELOUK,ons-2021
commune,4306,ar,التلاغمة,ons-2021
commune,4306,fr,TELERGHMA,ons-2021
commune,4307,ar,وادى سقان,ons-2021
commune,4309,ar,بن يحي .ع. رحمان,ons-2021
commune,4310,ar,وادى النجاء,ons-2021
commune,4311,ar,أحمد راشدي,ons-2021
commune,4312,ar,أولاد اخلوف,ons-2021
commune,4316,fr,TESSALA LEMTAI,ons-2021
commune,4317,ar,القرارم قوقة,ons-2021
commune,4319,ar,تسدان حدادة,ons-2021
commune,4320,ar,دراجى بوصلاح,ons-2021
commune,4320,fr,DERADJI BOUSSELAH,ons-2021
commune,4321,ar,مينار زارزة,ons-2021
commune,4322,ar,اعميرة اراس,ons-2021
commune,4322,fr,AMIRA ARRAS,ons-2021
commune,4323,ar,ترعى باينان,ons-2021
commune,4323,fr,TERRAI BAINEN,ons-2021
commune,4325,fr,AIN TINN,ons-2021
commune,4328,ar,زغاية,ons-2021
commune,4328,fr,ZEGHAIA,ons-2021
commune,4329,ar,العياضى برباس,ons-2021
commune,4329,fr,EL AYADI BARBES,ons-2021
commune,4330,ar,عين البيضاء احريش,ons-2021
commune,4330,fr,AIN BEIDA HARRICHE,ons-2021
commune,4331,ar,يحيى بنى قشة,ons-2021
commune,4401,fr,AIN DEFLA,ons-2021
commune,4404,ar,خميس مليانة,ons-2021
commune,4404,fr,KHEMIS MILIANA,ons-2021
commune,4409,ar,بوراشد,ons-2021
commune,4413,ar,وادى الشرفاء,ons-2021
commune,4413,fr,OUED CHEURFA,ons-2021
commune,4414,ar,عين الاشياخ,ons-2021
commune,4414,fr,AIN LECHIAKH,ons-2021
commune,4415,ar,واد الجمعة,ons-2021
commune,4416,ar,الروينة,ons-2021
commune,4419,ar,بئر أولاد خليفة,ons-2021
commune,4419,fr,BIR OULED KHELIFA,ons-2021
commune,4420,fr,AIN SOLTANE,ons-2021
commune,4422,ar,برج الأمير خالد,ons-2021
commune,4422,fr,BORDJ EMIR KHALED,ons-2021
commune,4423,ar,عين التركى,ons-2021
commune,4423,fr,AIN TORKI,ons-2021
commune,4424,ar,سيدي الاخضر,ons-2021
commune,4425,fr,BEN ALLEL,ons-2021
commune,4426,fr,AIN BENIAN,ons-2021
commune,4427,fr,HOCEINIA,ons-2021
commune,4429,ar,جمعة أولاد الشيخ,ons-2021
commune,4429,fr,DJEMAA OULED CHEIKH,ons-2021
commune,4432,fr,TACHETA ZEGAGHA,ons-2021
commune,4433,ar,عين بويحى,ons-2021
commune,4433,fr,AIN BOUYAHIA,ons-2021
commune,4436,ar,بلعاص,ons-2021
commune,4503,fr,AIN SEFRA,ons-2021
commune,4507,fr,ASSELA,ons-2021
commune,4508,ar,جنين بورزق,ons-2021
commune,4508,fr,DJENIEN BOURZEG,ons-2021
commune,4509,fr,AIN BEN KHELIL,ons-2021
commune,4510,ar,مكمن بن عمار,ons-2021
commune,4511,ar,القصدير,ons-2021
commune,4601,fr,AIN TEMOUCHENT,ons-2021
commune,4602,fr,CHAABET EL HAM,ons-2021
commune,4603,fr,AIN KIHAL,ons-2021
commune,4604,ar,حمام بو حجر,ons-2021
commune,4606,ar,وادى برقش,ons-2021
commune,4606,fr,OUED BERKECHE,ons-2021
commune,4607,fr,AGHLAL,ons-2021
commune,4609,fr,AIN EL ARBAA,ons-2021
commune,4613,fr,AOUBELLIL,ons-2021
commune,4614,fr,EL MALAH,ons-2021
commune,4616,ar,وادى الصباح,ons-2021
commune,4616,fr,OUED SEBBAH,ons-2021
commune,4618,fr,AIN TOLBA,ons-2021
commune,4620,ar,حاسى الغلة,ons-2021
commune,4621,fr,HASSASSNA,ons-2021
commune,4622,ar,أولاد الكيحل,ons-2021
commune,4622,fr,OULED KIHAL,ons-2021
commune,4625,fr,OULHACA GHERABA,ons-2021
commune,4626,ar,سيدي اورياش,ons-2021
commune,4626,fr,SIDI OURRACH,ons-2021
commune,4627,ar,الأمير عبد القادر,ons-2021
commune,4628,fr,EL MESSAID,ons-2021
commune,4701,fr,Ghardaia,executive-decree-91-306 ons-2021
commune,4703,fr,DHAYET BEN DHAOUA,ons-2021
commune,4703,fr,Dhayat Ben Dhahoua,executive-decree-91-306
commune,4706,fr,EL GUERRARA,ons-2021
commune,4706,fr,El Guerara,executive-decree-91-306
commune,4713,fr,Mansourah,executive-decree-91-306
commune,4802,ar,وادى رهيو,ons-2021
commune,4805,fr,OULED AICH,ons-2021
commune,4808,ar,سيدي امحمد بن علي,ons-2021
commune,4810,fr,SIDI KHETTAB,ons-2021
commune,4813,ar,بني درقن,ons-2021
commune,4813,fr,BENI DERGOUN,ons-2021
commune,4818,ar,سيدي محمد بن عودة,ons-2021
commune,4818,fr,SIDI M'HAMED BENAOUDA,ons-2021
commune,4819,fr,AIN TAREK,ons-2021
commune,4820,ar,وادى السلام,ons-2021
commune,4821,ar,واريزان,ons-2021
commune,4821,fr,OUARIZANE,ons-2021
commune,4824,fr,AIN RAHMA,ons-2021
commune,4826,ar,وادى الجمعة,ons-2021
commune,4826,fr,OUED EL DJEMAA,ons-2021
commune,4829,ar,لحلاف,ons-2021
commune,4830,ar,بني زنطيس,ons-2021
commune,4831,ar,سوق الحد,ons-2021
commune,4832,ar,دار بن عبد الله,ons-2021
commune,4833,ar,الحاسى,ons-2021
commune,4834,fr,HAD ECHKALLA,ons-2021
commune,4835,fr,BEN DAOUD,ons-2021
commune,4838,ar,أولاد سيدي الميهوب,ons-2021
commune,4904,ar,أولاد سعيد,law-19-12 ons-2021
commune,4904,fr,OULED SAID,ons-2021
commune,4910,fr,OULED AISSA,ons-2021
commune,5001,ar,برج باجى مختار,ons-2021
commune,5102,ar,راس الميعاد,law-19-12
commune,5102,fr,Ras El Miaâd,law-19-12
commune,5103,ar,البسباس,law-19-12 ons-2021
commune,5106,fr,CHAIBA,ons-2021
commune,5201,ar,بنى عباس,ons-2021
commune,5201,fr,BENI ABBES,ons-2021
commune,5201,fr,Béni Abbes,executive-decree-91-306
commune,5201,fr,Béni Abbès,law-19-12
commune,5203,ar,تيمودى,ons-2021
commune,5204,ar,بنى يخلف,ons-2021
commune,5204,fr,Beni Ikhlef,executive-decree-91-306 ons-2021
commune,5204,fr,Béni Ikhef,executive-decree-92-66
commune,5205,ar,أقلى,ons-2021
commune,5205,ar,أقلي,law-19-12
commune,5205,ar,إيقلي,executive-decree-91-306
commune,5206,ar,تبلبلة,law-19-12 ons-2021
commune,5209,ar,قصابى,ons-2021
commune,5210,fr,Tamtert,executive-decree-91-306 law-19-12 ons-2021
commune,5301,ar,ان صالح,executive-decree-91-306
commune,5302,ar,ان غار,executive-decree-91-306 ons-2021
commune,5303,ar,فقارات الزاوية,executive-decree-91-306
commune,5303,ar,فقارة الزاوية,ons-2021
commune,5303,fr,Foggaret Ezzaouia,law-19-12 ons-2021
commune,5303,fr,Foggaret Ezzouaoua,executive-decree-91-306
commune,5401,ar,ان قزام,executive-decree-91-306
commune,5402,ar,تين زاوتين,law-19-12
commune,5402,fr,Tin Zouatine,executive-decree-91-306
commune,5502,fr,Blidate Ameur,executive-decree-91-306 ordinance-21-03
commune,5504,ar,نزلة,law-19-12 ordinance-21-03 ons-2021
commune,5505,ar,الزاوية العابدية,law-19-12 ordinance-21-03 ons-2021
commune,5506,ar,سيدى سليمان,executive-decree-91-306
commune,5508,fr,Taïbet,executive-decree-91-306
commune,5509,fr,Tamacine,law-19-12 ordinance-21-03 ons-2021
commune,5510,fr,Bennaceur,executive-decree-91-306
commune,5511,fr,M’Naguer,executive-decree-91-306
commune,5513,fr,El Alia,executive-decree-91-306
commune,5602,fr,Bordj El Haouasse,law-19-12 ons-2021
commune,5701,fr,El Megaier,law-19-12 ons-2021
commune,5703,ar,مغاغة,executive-decree-91-306
commune,5703,fr,M’Ghagha,executive-decree-91-306
commune,5705,fr,Tinedla,executive-decree-91-306
commune,5706,fr,Djamaa,executive-decree-91-306 ons-2021
commune,5801,fr,EL MENIAA,ons-2021
commune,5801,fr,El Menia,executive-decree-91-306
commune,5802,fr,Hassi El Fehal,executive-decree-91-306
commune,5803,fr,HASSI EL GARA,ons-2021
