code,name_fr,name_ar,named_by,named_article,named_item,seat,parent,created,created_by,created_article,listed_by,listed_article,dairas,communes
01,Adrar,أدرار,decree-84-79,1,01,0101,,,,,law-19-12,5,6,16
02,Chlef,الشلف,decree-84-79,1,02,0201,,,,,law-84-09,6,13,35
03,Laghouat,الاغواط,decree-84-79,1,03,0301,,,,,law-26-06,7,5,12
04,Oum El Bouaghi,أم البواقى,decree-84-79,1,04,0401,,,,,law-84-09,8,12,29
05,Batna,باتنة,decree-84-79,1,05,0501,,,,,law-26-06,9,18,53
06,Bejaïa,بجاية,decree-84-79,1,06,0601,,,,,law-84-09,10,19,52
07,Biskra,بسكرة,decree-84-79,1,07,0701,,,,,law-26-06,11,7,22
08,Béchar,بشار,decree-84-79,1,08,0801,,,,,law-19-12,12,6,11
09,Blida,البليدة,decree-84-79,1,09,0901,,,,,law-84-09,13,10,25
10,Bouira,البويرة,decree-84-79,1,10,1001,,,,,law-84-09,14,12,45
11,Tamanghasset,تامنغست,decree-84-79,1,11,1101,,,,,law-19-12,15,3,5
12,Tebessa,تبسة,decree-84-79,1,12,1201,,,,,law-26-06,16,10,24
13,Tlemcen,تلمسان,decree-84-79,1,13,1301,,,,,law-26-06,17,19,49
14,Tiaret,تيارت,decree-84-79,1,14,1401,,,,,law-26-06,18,12,36
15,Tizi Ouzou,تيزى وزو,decree-84-79,1,15,1501,,,,,law-84-09,19,21,67
16,Alger,الجزائر,decree-84-79,1,16,,,,,,law-84-09,20,0,57
17,Djelfa,الجلفة,decree-84-79,1,17,1701,,,,,law-26-06,21,6,18
18,Jijel,جيجل,decree-84-79,1,18,1801,,,,,law-84-09,22,11,28
19,Sétif,سطيف,decree-84-79,1,19,1901,,,,,law-84-09,23,20,60
20,Saïda,سعيدة,decree-84-79,1,20,2001,,,,,law-84-09,24,6,16
21,Skikda,سكيكدة,decree-84-79,1,21,2101,,,,,law-84-09,25,13,38
22,Sidi Bel Abbès,سيدى بلعباس,decree-84-79,1,22,2201,,,,,law-84-09,26,15,52
23,Annaba,عنابة,decree-84-79,1,23,2301,,,,,law-84-09,27,6,12
24,Guelma,قالمة,decree-84-79,1,24,2401,,,,,law-84-09,28,10,34
25,Constantine,قسنطينة,decree-84-79,1,25,2501,,,,,law-84-09,29,7,12
26,Médéa,المدية,decree-84-79,1,26,2601,,,,,law-26-06,30,13,43
27,Mostaganem,مستغانم,decree-84-79,1,27,2701,,,,,law-84-09,31,10,32
28,M’Sila,المسيلة,decree-84-79,1,28,2801,,,,,law-26-06,32,7,24
29,Mascara,معسكر,decree-84-79,1,29,2901,,,,,law-84-09,33,16,47
30,Ouargla,ورقلة,decree-84-79,1,30,3001,,,,,ordinance-21-03,34,5,8
31,Oran,وهران,decree-84-79,1,31,3101,,,,,law-84-09,35,9,26
32,El Bayadh,البيض,decree-84-79,1,32,3201,,,,,law-26-06,36,5,15
33,Illizi,ايليزى,decree-84-79,1,33,3301,,,,,law-19-12,37,4,4
34,Bordj Bou Arréridj,برج بوعريريج,decree-84-79,1,34,3401,,,,,law-84-09,38,10,34
35,Boumerdes,بومرداس,decree-84-79,1,35,3501,,,,,law-84-09,39,9,32
36,El Tarf,الطارف,decree-84-79,1,36,3601,,,,,law-84-09,40,7,24
37,Tindouf,تندوف,decree-84-79,1,37,3701,,,,,law-84-09,41,1,2
38,Tissemsilt,تيسمسيلت,decree-84-79,1,38,3801,,,,,law-84-09,42,8,22
39,El Oued,الوادى,decree-84-79,1,39,3901,,,,,law-19-12,43,10,22
40,Khenchela,خنشلة,decree-84-79,1,40,4001,,,,,law-84-09,44,8,21
41,Souk Ahras,سوق أهراس,decree-84-79,1,41,4101,,,,,law-84-09,45,10,26
42,Tipaza,تيبازة,decree-84-79,1,42,4201,,,,,law-84-09,46,10,28
43,Mila,ميلة,decree-84-79,1,43,4301,,,,,law-84-09,47,13,32
44,Aïn Defla,عين الدفلى,decree-84-79,1,44,4401,,,,,law-84-09,48,14,36
45,Naama,النعامة,decree-84-79,1,45,4501,,,,,law-84-09,49,7,12
46,Aïn Temouchent,عين تيموشنت,decree-84-79,1,46,4601,,,,,law-84-09,50,8,28
47,Ghardaïa,غرداية,decree-84-79,1,47,4701,,,,,law-19-12,51,8,10
48,Relizane,غليزان,decree-84-79,1,48,4801,,,,,law-84-09,52,13,38
49,Timimoun,تيميمون,presidential-decree-21-117,1,49,4901,01,2019-12-18,law-19-12,3,law-19-12,52 bis,4,10
50,Bordj Badji Mokhtar,برج باجي مختار,presidential-decree-21-117,1,50,5001,01,2019-12-18,law-19-12,3,law-19-12,52 bis 1,1,2
51,Ouled Djellal,أولاد جلال,presidential-decree-21-117,1,51,5101,07,2019-12-18,law-19-12,3,law-19-12,52 bis 2,2,6
52,Béni Abbès,بني عباس,presidential-decree-21-117,1,52,5201,08,2019-12-18,law-19-12,3,law-19-12,52 bis 3,6,10
53,In Salah,إن صالح,presidential-decree-21-117,1,53,5301,11,2019-12-18,law-19-12,3,law-19-12,52 bis 4,2,3
54,In Guezzam,إن قزام,presidential-decree-21-117,1,54,5401,11,2019-12-18,law-19-12,3,law-19-12,52 bis 5,2,2
55,Touggourt,توقرت,presidential-decree-21-117,1,55,5501,30,2019-12-18,law-19-12,3,ordinance-21-03,52 bis 6,5,13
56,Djanet,جانت,presidential-decree-21-117,1,56,5601,33,2019-12-18,law-19-12,3,law-19-12,52 bis 7,1,2
57,El M’Ghaier,المغير,presidential-decree-21-117,1,57,5701,39,2019-12-18,law-19-12,3,law-19-12,52 bis 8,2,8
58,El Meniaa,المنيعة,presidential-decree-21-117,1,58,5801,47,2019-12-18,law-19-12,3,law-19-12,52 bis 9,1,3
59,Aflou,أفلو,presidential-decree-26-206,1,59,0319,03,2026-04-05,law-26-06,3,law-26-06,52 bis 10,5,12
60,Barika,بريكة,presidential-decree-26-206,1,60,0542,05,2026-04-05,law-26-06,3,law-26-06,52 bis 11,3,8
61,El Kantara,القنطرة,presidential-decree-26-206,1,61,0717,07,2026-04-05,law-26-06,3,law-26-06,52 bis 12,3,5
62,Bir El Ater,بئر العاتر,presidential-decree-26-206,1,62,1202,12,2026-04-05,law-26-06,3,law-26-06,52 bis 13,2,4
63,El Aricha,العريشة,presidential-decree-26-206,1,63,1332,13,2026-04-05,law-26-06,3,law-26-06,52 bis 14,2,4
64,Ksar Chellala,قصر الشلالة,presidential-decree-26-206,1,64,1429,14,2026-04-05,law-26-06,3,law-26-06,52 bis 15,2,6
65,Aïn Ouessara,عين وسارة,presidential-decree-26-206,1,65,1731,17,2026-04-05,law-26-06,3,law-26-06,52 bis 16,4,10
66,Messaad,مسعد,presidential-decree-26-206,1,66,1717,17,2026-04-05,law-26-06,3,law-26-06,52 bis 17,2,8
67,Ksar El Boukhari,قصر البخاري,presidential-decree-26-206,1,67,2635,26,2026-04-05,law-26-06,3,law-26-06,52 bis 18,6,21
68,Bou Saâda,بوسعادة,presidential-decree-26-206,1,68,2820,28,2026-04-05,law-26-06,3,law-26-06,52 bis 19,8,23
69,El Abiodh Sidi Cheikh,الأبيض سيدي الشيخ,presidential-decree-26-206,1,69,3207,32,2026-04-05,law-26-06,3,law-26-06,52 bis 20,3,7
